-- phpMyAdmin SQL Dump
-- version 4.3.11
-- http://www.phpmyadmin.net
--
-- Host: 127.0.0.1
-- Generation Time: Jun 16, 2017 at 10:31 AM
-- Server version: 5.6.24
-- PHP Version: 5.6.8

SET SQL_MODE = "NO_AUTO_VALUE_ON_ZERO";
SET time_zone = "+00:00";


/*!40101 SET @OLD_CHARACTER_SET_CLIENT=@@CHARACTER_SET_CLIENT */;
/*!40101 SET @OLD_CHARACTER_SET_RESULTS=@@CHARACTER_SET_RESULTS */;
/*!40101 SET @OLD_COLLATION_CONNECTION=@@COLLATION_CONNECTION */;
/*!40101 SET NAMES utf8 */;

--
-- Database: `dpd4w`
--
CREATE DATABASE IF NOT EXISTS `dpd4w` DEFAULT CHARACTER SET latin1 COLLATE latin1_swedish_ci;
USE `dpd4w`;

-- --------------------------------------------------------

--
-- Table structure for table `activities`
--

CREATE TABLE IF NOT EXISTS `activities` (
  `activity_Id` smallint(5) unsigned NOT NULL,
  `title` varchar(500) NOT NULL,
  `description` varchar(5000) NOT NULL,
  `regDate` datetime NOT NULL,
  `startDate` date DEFAULT NULL,
  `endDate` date DEFAULT NULL,
  `pCode` varchar(15) NOT NULL,
  `activityStatus` enum('Pipeline/identification','Implementation','Completion','Post-completion','Cancelled','Suspended') DEFAULT NULL,
  `activityType` enum('Development','Humanitarian Relief','Recovery, Rehabilitation and Reconstruction') DEFAULT NULL,
  `fundingStatus` enum('Pledge','Commitment','Contribution','W') DEFAULT NULL,
  `fundingType` enum('Assessed Contributions','Voluntary Contribution','In-kind Donations','Multi-donor Trust Funds','Bi-lateral','Multi-Lateral') DEFAULT NULL,
  `fundingAmount` double DEFAULT NULL,
  `focalPoint` varchar(200) DEFAULT NULL,
  `subclassification_id` smallint(5) unsigned NOT NULL,
  `activityThemes_id` smallint(5) unsigned DEFAULT NULL,
  `classificationCode` varchar(8) NOT NULL,
  `currencyCode` varchar(5) DEFAULT NULL
) ENGINE=InnoDB AUTO_INCREMENT=26 DEFAULT CHARSET=latin1;

--
-- RELATIONS FOR TABLE `activities`:
--   `classificationCode`
--       `activityclassifications` -> `classificationCode`
--   `subclassification_id`
--       `activitysubclassifications` -> `subclassification_id`
--

-- --------------------------------------------------------

--
-- Table structure for table `activityclassifications`
--

CREATE TABLE IF NOT EXISTS `activityclassifications` (
  `classificationCode` varchar(8) NOT NULL,
  `classification_id` smallint(5) unsigned NOT NULL,
  `classification` varchar(200) NOT NULL
) ENGINE=InnoDB AUTO_INCREMENT=9 DEFAULT CHARSET=latin1;

--
-- RELATIONS FOR TABLE `activityclassifications`:
--

--
-- Dumping data for table `activityclassifications`
--

INSERT INTO `activityclassifications` (`classificationCode`, `classification_id`, `classification`) VALUES
('EDU', 7, 'Education'),
('FSC', 6, 'Food Security'),
('HEA', 4, 'Health'),
('NUT', 3, 'Nutrition'),
('PRO', 2, 'Protection'),
('PRO-CPN', 8, 'Child Protection'),
('PRO-GBV', 5, 'Gender-based Violence'),
('WSH', 1, 'Water, Sanitation and Hygiene');

-- --------------------------------------------------------

--
-- Table structure for table `activitycoverage`
--

CREATE TABLE IF NOT EXISTS `activitycoverage` (
  `activityCoverage_id` smallint(5) unsigned NOT NULL,
  `activity_Id` smallint(5) unsigned NOT NULL,
  `village_id` smallint(5) unsigned NOT NULL DEFAULT '0',
  `ward_id` smallint(5) unsigned NOT NULL DEFAULT '0',
  `regHasc` varchar(6) NOT NULL,
  `distHasc` varchar(10) NOT NULL DEFAULT ''
) ENGINE=InnoDB AUTO_INCREMENT=347 DEFAULT CHARSET=latin1;

--
-- RELATIONS FOR TABLE `activitycoverage`:
--   `activity_Id`
--       `activities` -> `activity_Id`
--


-- --------------------------------------------------------

--
-- Table structure for table `activityorganisations`
--

CREATE TABLE IF NOT EXISTS `activityorganisations` (
  `activityOrganisation_id` smallint(5) unsigned NOT NULL,
  `activity_id` smallint(5) unsigned NOT NULL,
  `organisation_id` smallint(5) unsigned NOT NULL,
  `organisation_role` enum('Funding','Accountable','Extending','Implementing') DEFAULT NULL
) ENGINE=InnoDB AUTO_INCREMENT=51 DEFAULT CHARSET=latin1;

--
-- RELATIONS FOR TABLE `activityorganisations`:
--   `activity_id`
--       `activities` -> `activity_Id`
--   `organisation_id`
--       `organisations` -> `organisation_id`
--

-- --------------------------------------------------------

--
-- Table structure for table `activitysubclassifications`
--

CREATE TABLE IF NOT EXISTS `activitysubclassifications` (
  `subclassification_id` smallint(5) unsigned NOT NULL,
  `subclassification` varchar(50) NOT NULL,
  `classificationCode` varchar(8) NOT NULL
) ENGINE=InnoDB AUTO_INCREMENT=49 DEFAULT CHARSET=latin1;

--
-- RELATIONS FOR TABLE `activitysubclassifications`:
--   `classificationCode`
--       `activityclassifications` -> `classificationCode`
--

--
-- Dumping data for table `activitysubclassifications`
--

INSERT INTO `activitysubclassifications` (`subclassification_id`, `subclassification`, `classificationCode`) VALUES
(1, 'Maternal New Child Health ', 'HEA'),
(2, 'Education policy and administrative management', 'EDU'),
(3, 'Education facilities and training', 'EDU'),
(4, 'Teacher training', 'EDU'),
(5, 'Educational research', 'EDU'),
(6, 'Primary education', 'EDU'),
(7, 'Basic life skills for youth and adults', 'EDU'),
(8, 'Basic life skills for youth', 'EDU'),
(9, 'Primary education equivalent for adults', 'EDU'),
(10, 'Early childhood education', 'EDU'),
(11, 'Secondary education', 'EDU'),
(12, 'Lower secondary education', 'EDU'),
(13, 'Upper secondary education', 'EDU'),
(14, 'Vocational training', 'EDU'),
(15, 'Higher education', 'EDU'),
(16, 'Advanced technical and managerial training', 'EDU'),
(17, 'Health policy and administrative management', 'HEA'),
(18, 'Medical education/training', 'HEA'),
(19, 'Medical research', 'HEA'),
(20, 'Medical services', 'HEA'),
(21, 'Basic health care', 'HEA'),
(22, 'Basic health infrastructure', 'HEA'),
(23, 'Basic nutrition', 'HEA'),
(24, 'Infectious disease control', 'HEA'),
(25, 'Health education', 'HEA'),
(26, 'Malaria control', 'HEA'),
(27, 'Tuberculosis control', 'HEA'),
(28, 'Health personnel development', 'HEA'),
(29, 'Population policy and administrative management', 'HEA'),
(30, 'Reproductive health care', 'HEA'),
(31, 'Family planning', 'HEA'),
(32, 'STD control including HIV/AIDS', 'HEA'),
(33, 'Personnel development for population and reproduct', 'HEA'),
(34, 'Water sector policy and administrative management', 'WSH'),
(35, 'Water resources conservation (including data colle', 'WSH'),
(36, 'Water supply and sanitation - large systems', 'WSH'),
(37, 'Water supply - large systems', 'WSH'),
(38, 'Sanitation - large systems', 'WSH'),
(39, 'Basic drinking water supply and basic sanitation', 'WSH'),
(40, 'Basic drinking water supply', 'WSH'),
(41, 'Basic sanitation', 'WSH'),
(42, 'River basins’ development', 'WSH'),
(43, 'Waste management / disposal', 'WSH'),
(44, 'Education and training in water supply and sanitat', 'WSH'),
(45, 'Infant and Young Child Feeding', 'NUT'),
(46, 'Vitamin A Supplementation', 'NUT'),
(47, 'SAM Management', 'NUT'),
(48, 'Nutrition Coordination', 'NUT');

-- --------------------------------------------------------

--
-- Table structure for table `activitythemes`
--

CREATE TABLE IF NOT EXISTS `activitythemes` (
  `activityThemes_id` smallint(5) unsigned NOT NULL,
  `theme` varchar(50) NOT NULL
) ENGINE=InnoDB AUTO_INCREMENT=4 DEFAULT CHARSET=latin1;

--
-- RELATIONS FOR TABLE `activitythemes`:
--

--
-- Dumping data for table `activitythemes`
--

INSERT INTO `activitythemes` (`activityThemes_id`, `theme`) VALUES
(1, 'Sample Theme 1'),
(2, 'Sample Theme 2'),
(3, 'Sample Theme 3');

-- --------------------------------------------------------

--
-- Table structure for table `districts`
--

CREATE TABLE IF NOT EXISTS `districts` (
  `distHasc` varchar(10) NOT NULL DEFAULT '',
  `district_id` smallint(5) unsigned NOT NULL,
  `name` varchar(50) NOT NULL,
  `regHasc` varchar(6) DEFAULT NULL
) ENGINE=InnoDB AUTO_INCREMENT=196 DEFAULT CHARSET=latin1;

--
-- RELATIONS FOR TABLE `districts`:
--   `regHasc`
--       `regions` -> `regHasc`
--

--
-- Dumping data for table `districts`
--

INSERT INTO `districts` (`distHasc`, `district_id`, `name`, `regHasc`) VALUES
('TZ.AS.AM', 1, 'Arusha DC', 'TZ.AS'),
('TZ.AS.AS', 2, 'Arusha CC', 'TZ.AS'),
('TZ.AS.KA', 23, 'Karatu DC', 'TZ.AS'),
('TZ.AS.LO', 127, 'Longido DC', 'TZ.AS'),
('TZ.AS.ME', 195, 'Meru DC', 'TZ.AS'),
('TZ.AS.MO', 67, 'Monduli DC', 'TZ.AS'),
('TZ.AS.NG', 86, 'Ngorongoro DC', 'TZ.AS'),
('TZ.DO.BA', 130, 'Bahi DC', 'TZ.DO'),
('TZ.DO.CB', 132, 'Chemba DC', 'TZ.DO'),
('TZ.DO.CW', 131, 'Chamwino DC', 'TZ.DO'),
('TZ.DO.DO', 11, 'Dodoma MC', 'TZ.DO'),
('TZ.DO.KD', 41, 'Kondoa DC', 'TZ.DO'),
('TZ.DO.KG', 42, 'Kongwa DC', 'TZ.DO'),
('TZ.DO.KT', 133, 'Kondoa TC', 'TZ.DO'),
('TZ.DO.MP', 73, 'Mpwapwa DC', 'TZ.DO'),
('TZ.DS.IL', 17, 'Ilala MC', 'TZ.DS'),
('TZ.DS.KG', 128, 'Kigamboni MC', 'TZ.DS'),
('TZ.DS.KI', 37, 'Kinondoni MC', 'TZ.DS'),
('TZ.DS.TE', 112, 'Temeke MC', 'TZ.DS'),
('TZ.DS.UB', 129, 'Ubungo MC', 'TZ.DS'),
('TZ.GE.BU', 8, 'Bukombe DC', 'TZ.GE'),
('TZ.GE.CH', 134, 'Chato DC', 'TZ.GE'),
('TZ.GE.GD', 12, 'Geita DC', 'TZ.GE'),
('TZ.GE.GT', 137, 'Geita TC', 'TZ.GE'),
('TZ.GE.MB', 135, 'Mbogwe DC', 'TZ.GE'),
('TZ.GE.NY', 136, 'Nyang''hwale DC', 'TZ.GE'),
('TZ.IG.ID', 20, 'Iringa DC', 'TZ.IG'),
('TZ.IG.IM', 19, 'Iringa MC', 'TZ.IG'),
('TZ.IG.KI', 33, 'Kilolo DC', 'TZ.IG'),
('TZ.IG.MA', 138, 'Mafinga TC', 'TZ.IG'),
('TZ.IG.MU', 76, 'Mufindi DC', 'TZ.IG'),
('TZ.KA.MD', 72, 'Mpanda DC', 'TZ.KA'),
('TZ.KA.ML', 141, 'Mlele DC', 'TZ.KA'),
('TZ.KA.MM', 143, 'Mpanda MC', 'TZ.KA'),
('TZ.KA.MP', 144, 'Mpimbwe DC', 'TZ.KA'),
('TZ.KA.NS', 142, 'Nsimbo DC', 'TZ.KA'),
('TZ.KG.BD', 120, 'Bukoba DC', 'TZ.KG'),
('TZ.KG.BI', 6, 'Biharamulo DC', 'TZ.KG'),
('TZ.KG.BM', 7, 'Bukoba MC', 'TZ.KG'),
('TZ.KG.KA', 22, 'Karagwe DC', 'TZ.KG'),
('TZ.KG.KY', 139, 'Kyerwa DC', 'TZ.KG'),
('TZ.KG.MI', 140, 'Misenye DC', 'TZ.KG'),
('TZ.KG.MU', 78, 'Muleba DC', 'TZ.KG'),
('TZ.KG.NG', 85, 'Ngara DC', 'TZ.KG'),
('TZ.KL.HA', 13, 'Hai DC', 'TZ.KL'),
('TZ.KL.MD', 70, 'Moshi DC', 'TZ.KL'),
('TZ.KL.MM', 71, 'Moshi MC', 'TZ.KL'),
('TZ.KL.MW', 81, 'Mwanga DC', 'TZ.KL'),
('TZ.KL.RO', 92, 'Rombo DC', 'TZ.KL'),
('TZ.KL.SA', 96, 'Same DC', 'TZ.KL'),
('TZ.KL.SI', 149, 'Siha DC', 'TZ.KL'),
('TZ.KM.BU', 145, 'Buhigwe DC', 'TZ.KM'),
('TZ.KM.KA', 26, 'Kasulu DC', 'TZ.KM'),
('TZ.KM.KD', 31, 'Kigoma DC', 'TZ.KM'),
('TZ.KM.KI', 29, 'Kibondo DC', 'TZ.KM'),
('TZ.KM.KK', 146, 'Kakonko DC', 'TZ.KM'),
('TZ.KM.KM', 30, 'Kigoma MC', 'TZ.KM'),
('TZ.KM.KT', 148, 'Kasulu TC', 'TZ.KM'),
('TZ.KM.UV', 147, 'Uvinza DC', 'TZ.KM'),
('TZ.LI.KI', 36, 'Kilwa DC', 'TZ.LI'),
('TZ.LI.LD', 47, 'Lindi DC', 'TZ.LI'),
('TZ.LI.LI', 49, 'Liwale DC', 'TZ.LI'),
('TZ.LI.LM', 48, 'Lindi MC', 'TZ.LI'),
('TZ.LI.NA', 82, 'Nachingwea DC', 'TZ.LI'),
('TZ.LI.RU', 93, 'Ruangwa DC', 'TZ.LI'),
('TZ.MA.BD', 152, 'Butiama DC', 'TZ.MA'),
('TZ.MA.BT', 154, 'Bunda TC', 'TZ.MA'),
('TZ.MA.BU', 123, 'Bunda DC', 'TZ.MA'),
('TZ.MA.MR', 122, 'Musoma DC', 'TZ.MA'),
('TZ.MA.MU', 79, 'Musoma MC', 'TZ.MA'),
('TZ.MA.RO', 153, 'Rorya DC', 'TZ.MA'),
('TZ.MA.SE', 121, 'Serengeti DC', 'TZ.MA'),
('TZ.MA.TA', 111, 'Tarime DC', 'TZ.MA'),
('TZ.MA.TT', 155, 'Tarime TC', 'TZ.MA'),
('TZ.MB.BU', 190, 'Busokelo DC', 'TZ.MB'),
('TZ.MB.CH', 10, 'Chunya DC', 'TZ.MB'),
('TZ.MB.KY', 46, 'Kyela DC', 'TZ.MB'),
('TZ.MB.MB', 57, 'Mbarali DC', 'TZ.MB'),
('TZ.MB.MR', 58, 'Mbeya CC', 'TZ.MB'),
('TZ.MB.MU', 59, 'Mbeya DC', 'TZ.MB'),
('TZ.MB.RU', 95, 'Rungwe DC', 'TZ.MB'),
('TZ.MO.GA', 157, 'Gairo DC', 'TZ.MO'),
('TZ.MO.IF', 156, 'Ifakara TC', 'TZ.MO'),
('TZ.MO.KM', 34, 'Kilombero DC', 'TZ.MO'),
('TZ.MO.KS', 35, 'Kilosa DC', 'TZ.MO'),
('TZ.MO.MA', 158, 'Malinyi DC', 'TZ.MO'),
('TZ.MO.MR', 68, 'Morogoro MC', 'TZ.MO'),
('TZ.MO.MU', 69, 'Morogoro DC', 'TZ.MO'),
('TZ.MO.MV', 80, 'Mvomero DC', 'TZ.MO'),
('TZ.MO.UL', 115, 'Ulanga DC', 'TZ.MO'),
('TZ.MT.MA', 55, 'Masasi DC', 'TZ.MT'),
('TZ.MT.MR', 74, 'Mtwara DC', 'TZ.MT'),
('TZ.MT.MT', 160, 'Masasi TC', 'TZ.MT'),
('TZ.MT.MU', 75, 'Mtwara MC', 'TZ.MT'),
('TZ.MT.NA', 162, 'Nanyamba TC', 'TZ.MT'),
('TZ.MT.ND', 159, 'Nanyumbu DC', 'TZ.MT'),
('TZ.MT.NE', 84, 'Newala DC', 'TZ.MT'),
('TZ.MT.NT', 161, 'Newala TC', 'TZ.MT'),
('TZ.MT.TA', 109, 'Tandahimba DC', 'TZ.MT'),
('TZ.MY.BA', 3, 'Babati DC', 'TZ.MY'),
('TZ.MY.BT', 150, 'Babati TC', 'TZ.MY'),
('TZ.MY.HA', 14, 'Hanang DC', 'TZ.MY'),
('TZ.MY.KI', 40, 'Kiteto DC', 'TZ.MY'),
('TZ.MY.MB', 61, 'Mbulu DC', 'TZ.MY'),
('TZ.MY.MT', 151, 'Mbulu TC', 'TZ.MY'),
('TZ.MY.SI', 101, 'Simanjiro DC', 'TZ.MY'),
('TZ.MZ.BU', 163, 'Buchosa DC', 'TZ.MZ'),
('TZ.MZ.IL', 126, 'Ilemela MC', 'TZ.MZ'),
('TZ.MZ.KW', 45, 'Kwimba DC', 'TZ.MZ'),
('TZ.MZ.MA', 124, 'Magu DC', 'TZ.MZ'),
('TZ.MZ.MI', 125, 'Misungwi DC', 'TZ.MZ'),
('TZ.MZ.NY', 89, 'Mwanza CC', 'TZ.MZ'),
('TZ.MZ.SE', 97, 'Sengerema DC', 'TZ.MZ'),
('TZ.MZ.UK', 114, 'Ukerewe DC', 'TZ.MZ'),
('TZ.NJ.LU', 50, 'Ludewa DC', 'TZ.NJ'),
('TZ.NJ.MA', 53, 'Makete DC', 'TZ.NJ'),
('TZ.NJ.MT', 193, 'Makambako TC', 'TZ.NJ'),
('TZ.NJ.NJ', 87, 'Njombe DC', 'TZ.NJ'),
('TZ.NJ.NT', 191, 'Njombe TC', 'TZ.NJ'),
('TZ.NJ.WA', 192, 'Wanging''ombe DC', 'TZ.NJ'),
('TZ.PN.MI', 63, 'Micheweni', 'TZ.PN'),
('TZ.PN.WE', 118, 'Wete', 'TZ.PN'),
('TZ.PS.CH', 9, 'Chake', 'TZ.PS'),
('TZ.PS.MK', 65, 'Mkoani', 'TZ.PS'),
('TZ.PW.BA', 4, 'Bagamoyo DC', 'TZ.PW'),
('TZ.PW.CH', 164, 'Chalinze DC', 'TZ.PW'),
('TZ.PW.KB', 28, 'Kibaha DC', 'TZ.PW'),
('TZ.PW.KD', 166, 'Kibiti DC', 'TZ.PW'),
('TZ.PW.KS', 38, 'Kisarawe DC', 'TZ.PW'),
('TZ.PW.KT', 165, 'Kibaha TC', 'TZ.PW'),
('TZ.PW.MA', 52, 'Mafia DC', 'TZ.PW'),
('TZ.PW.MK', 66, 'Mkuranga DC', 'TZ.PW'),
('TZ.PW.RU', 94, 'Rufiji DC', 'TZ.PW'),
('TZ.RU.KA', 167, 'Kalambo DC', 'TZ.RU'),
('TZ.RU.NK', 88, 'Nkasi DC', 'TZ.RU'),
('TZ.RU.SR', 106, 'Sumbawanga DC', 'TZ.RU'),
('TZ.RU.SU', 107, 'Sumbawanga MC', 'TZ.RU'),
('TZ.RV.MA', 170, 'Madaba DC', 'TZ.RV'),
('TZ.RV.MB', 60, 'Mbinga DC', 'TZ.RV'),
('TZ.RV.MT', 169, 'Mbinga TC', 'TZ.RV'),
('TZ.RV.NA', 83, 'Namtumbo DC', 'TZ.RV'),
('TZ.RV.NY', 168, 'Nyasa DC', 'TZ.RV'),
('TZ.RV.SR', 104, 'Songea DC', 'TZ.RV'),
('TZ.RV.SU', 105, 'Songea MC', 'TZ.RV'),
('TZ.RV.TU', 113, 'Tunduru DC', 'TZ.RV'),
('TZ.SD.ID', 176, 'Ikungi DC', 'TZ.SD'),
('TZ.SD.IR', 18, 'Iramba DC', 'TZ.SD'),
('TZ.SD.IT', 177, 'Itigi DC', 'TZ.SD'),
('TZ.SD.MA', 54, 'Manyoni DC', 'TZ.SD'),
('TZ.SD.MK', 178, 'Mkalama DC', 'TZ.SD'),
('TZ.SD.SI', 102, 'Singida DC', 'TZ.SD'),
('TZ.SD.SU', 103, 'Singida MC', 'TZ.SD'),
('TZ.SG.IL', 179, 'Ileje DC', 'TZ.SG'),
('TZ.SG.MD', 180, 'Mbozi DC', 'TZ.SG'),
('TZ.SG.MO', 181, 'Momba DC', 'TZ.SG'),
('TZ.SG.SG', 183, 'Songwe DC', 'TZ.SG'),
('TZ.SG.TT', 182, 'Tunduma TC', 'TZ.SG'),
('TZ.SI.BA', 5, 'Bariadi TC', 'TZ.SI'),
('TZ.SI.BD', 175, 'Bariadi DC', 'TZ.SI'),
('TZ.SI.BU', 173, 'Busega DC', 'TZ.SI'),
('TZ.SI.IT', 174, 'Itilima DC', 'TZ.SI'),
('TZ.SI.MA', 56, 'Maswa DC', 'TZ.SI'),
('TZ.SI.ME', 62, 'Meatu DC', 'TZ.SI'),
('TZ.SY.KA', 21, 'Kahama TC', 'TZ.SY'),
('TZ.SY.KI', 39, 'Kishapu DC', 'TZ.SY'),
('TZ.SY.MS', 171, 'Msalala DC', 'TZ.SY'),
('TZ.SY.SR', 98, 'Shinyanga DC', 'TZ.SY'),
('TZ.SY.SU', 99, 'Shinyanga MC', 'TZ.SY'),
('TZ.SY.US', 172, 'Ushetu DC', 'TZ.SY'),
('TZ.TB.IG', 16, 'Igunga DC', 'TZ.TB'),
('TZ.TB.KA', 184, 'Kaliua DC', 'TZ.TB'),
('TZ.TB.NT', 185, 'Nzega TC', 'TZ.TB'),
('TZ.TB.NZ', 90, 'Nzega DC', 'TZ.TB'),
('TZ.TB.SI', 100, 'Sikonge DC', 'TZ.TB'),
('TZ.TB.TA', 108, 'Tabora MC', 'TZ.TB'),
('TZ.TB.UR', 116, 'Urambo DC', 'TZ.TB'),
('TZ.TB.UY', 117, 'Uyui DC', 'TZ.TB'),
('TZ.TN.BU', 187, 'Bumbuli DC', 'TZ.TN'),
('TZ.TN.HA', 15, 'Handeni DC', 'TZ.TN'),
('TZ.TN.HT', 189, 'Handeni TC', 'TZ.TN'),
('TZ.TN.KI', 32, 'Kilindi DC', 'TZ.TN'),
('TZ.TN.KO', 43, 'Korogwe DC', 'TZ.TN'),
('TZ.TN.KT', 188, 'Korogwe TC', 'TZ.TN'),
('TZ.TN.LU', 51, 'Lushoto DC', 'TZ.TN'),
('TZ.TN.MK', 186, 'Mkinga DC', 'TZ.TN'),
('TZ.TN.MU', 77, 'Muheza DC', 'TZ.TN'),
('TZ.TN.PA', 91, 'Pangani DC', 'TZ.TN'),
('TZ.TN.TA', 110, 'Tanga CC', 'TZ.TN'),
('TZ.XX.XX', 194, 'Fake District', 'TZ.XX'),
('TZ.ZN.NA', 24, 'Kaskazini ''A''', 'TZ.ZN'),
('TZ.ZN.NB', 25, 'Kaskazini ''B''', 'TZ.ZN'),
('TZ.ZS.CE', 27, 'Kati', 'TZ.ZS'),
('TZ.ZS.SO', 44, 'Kusini', 'TZ.ZS'),
('TZ.ZW.TO', 64, 'Mjini', 'TZ.ZW'),
('TZ.ZW.WE', 119, 'Magharibi', 'TZ.ZW');

-- --------------------------------------------------------

--
-- Table structure for table `fundingcurrencies`
--

CREATE TABLE IF NOT EXISTS `fundingcurrencies` (
  `currencyCode` varchar(5) NOT NULL,
  `fundingCurrency_id` smallint(5) unsigned NOT NULL,
  `currency` varchar(50) NOT NULL
) ENGINE=InnoDB AUTO_INCREMENT=170 DEFAULT CHARSET=latin1;

--
-- RELATIONS FOR TABLE `fundingcurrencies`:
--

--
-- Dumping data for table `fundingcurrencies`
--

INSERT INTO `fundingcurrencies` (`currencyCode`, `fundingCurrency_id`, `currency`) VALUES
('AED', 1, 'UAE Dirham'),
('AFN', 2, 'Afghani'),
('ALL', 3, 'Lek'),
('AMD', 4, 'Armenian Dram'),
('ANG', 5, 'Netherlands Antillian Guilder'),
('AOA', 6, 'Kwanza'),
('ARS', 7, 'Argentine Peso'),
('AUD', 8, 'Australian Dollar'),
('AWG', 9, 'Aruban Guilder'),
('AZN', 10, 'Azerbaijanian Manat'),
('BAM', 11, 'Convertible Marks'),
('BBD', 12, 'Barbados Dollar'),
('BDT', 13, 'Taka'),
('BGN', 14, 'Bulgarian Lev'),
('BHD', 15, 'Bahraini Dinar'),
('BIF', 16, 'Burundi Franc'),
('BMD', 17, 'Bermudian Dollar'),
('BND', 18, 'Brunei Dollar'),
('BOB', 19, 'Boliviano'),
('BOV', 20, 'Mvdol'),
('BRL', 21, 'Brazilian Real'),
('BSD', 22, 'Bahamian Dollar'),
('BTN', 23, 'Ngultrum'),
('BWP', 24, 'Pula'),
('BYR', 25, 'Belarussian Ruble'),
('BZD', 26, 'Belize Dollar'),
('CAD', 27, 'Canadian Dollar'),
('CDF', 28, 'Congolese Franc'),
('CHF', 29, 'Swiss Franc'),
('CLF', 30, 'Unidades de fomento'),
('CLP', 31, 'Chilean Peso'),
('CNY', 32, 'Yuan Renminbi'),
('COP', 33, 'Colombian Peso'),
('COU', 34, 'Unidad de Valor Real'),
('CRC', 35, 'Costa Rican Colon'),
('CUC', 36, 'Peso Convertible'),
('CUP', 37, 'Cuban Peso'),
('CVE', 38, 'Cape Verde Escudo'),
('CZK', 39, 'Czech Koruna'),
('DJF', 40, 'Djibouti Franc'),
('DKK', 41, 'Danish Krone'),
('DOP', 42, 'Dominican Peso'),
('DZD', 43, 'Algerian Dinar'),
('EEK', 44, 'Kroon'),
('EGP', 45, 'Egyptian Pound'),
('ERN', 46, 'Nakfa'),
('ETB', 47, 'Ethiopian Birr'),
('EUR', 48, 'Euro'),
('FJD', 49, 'Fiji Dollar'),
('FKP', 50, 'Falkland Islands Pound'),
('GBP', 51, 'Pound Sterling'),
('GEL', 52, 'Lari'),
('GHS', 53, 'Cedi'),
('GIP', 54, 'Gibraltar Pound'),
('GMD', 55, 'Dalasi'),
('GNF', 56, 'Guinea Franc'),
('GTQ', 57, 'Quetzal'),
('GYD', 58, 'Guyana Dollar'),
('HKD', 59, 'Hong Kong Dollar'),
('HNL', 60, 'Lempira'),
('HRK', 61, 'Kuna'),
('HTG', 62, 'Gourde'),
('HUF', 63, 'Forint'),
('IDR', 64, 'Rupiah'),
('ILS', 65, 'New Israeli Sheqel'),
('INR', 66, 'Indian Rupee'),
('IQD', 67, 'Iraqi Dinar'),
('IRR', 68, 'Iranian Rial'),
('ISK', 69, 'Iceland Krona'),
('JMD', 70, 'Jamaican Dollar'),
('JOD', 71, 'Jordanian Dinar'),
('JPY', 72, 'Yen'),
('KES', 73, 'Kenyan Shilling'),
('KGS', 74, 'Som'),
('KHR', 75, 'Riel'),
('KMF', 76, 'Comoro Franc'),
('KPW', 77, 'North Korean Won'),
('KRW', 78, 'Won'),
('KWD', 79, 'Kuwaiti Dinar'),
('KYD', 80, 'Cayman Islands Dollar'),
('KZT', 81, 'Tenge'),
('LAK', 82, 'Kip'),
('LBP', 83, 'Lebanese Pound'),
('LKR', 84, 'Sri Lanka Rupee'),
('LRD', 85, 'Liberian Dollar'),
('LSL', 86, 'Loti'),
('LTL', 87, 'Lithuanian Litas'),
('LVL', 88, 'Latvian Lats'),
('LYD', 89, 'Libyan Dinar'),
('MAD', 90, 'Moroccan Dirham'),
('MDL', 91, 'Moldovan Leu'),
('MGA', 92, 'Malagasy Ariary'),
('MKD', 93, 'Denar'),
('MMK', 94, 'Kyat'),
('MNT', 95, 'Tugrik'),
('MOP', 96, 'Pataca'),
('MRO', 97, 'Ouguiya'),
('MUR', 98, 'Mauritius Rupee'),
('MVR', 99, 'Rufiyaa'),
('MWK', 100, 'Malawi Kwacha'),
('MXN', 101, 'Mexican Peso'),
('MXV', 102, 'Mexican Unidad de Inversion (UDI)'),
('MYR', 103, 'Malaysian Ringgit'),
('MZN', 104, 'Metical'),
('NAD', 105, 'Namibia Dollar'),
('NGN', 106, 'Naira'),
('NIO', 107, 'Cordoba Oro'),
('NOK', 108, 'Norwegian Krone'),
('NPR', 109, 'Nepalese Rupee'),
('NZD', 110, 'New Zealand Dollar'),
('OMR', 111, 'Rial Omani'),
('PAB', 112, 'Balboa'),
('PEN', 113, 'Nuevo Sol'),
('PGK', 114, 'Kina'),
('PHP', 115, 'Philippine Peso'),
('PKR', 116, 'Pakistan Rupee'),
('PLN', 117, 'Zloty'),
('PYG', 118, 'Guarani'),
('QAR', 119, 'Qatari Rial'),
('RON', 120, 'Romanian Leu'),
('RSD', 121, 'Serbian Dinar'),
('RUB', 122, 'Russian Ruble'),
('RWF', 123, 'Rwanda Franc'),
('SAR', 124, 'Saudi Riyal'),
('SBD', 125, 'Solomon Islands Dollar'),
('SCR', 126, 'Seychelles Rupee'),
('SDG', 127, 'Sudanese Pound'),
('SEK', 128, 'Swedish Krona'),
('SGD', 129, 'Singapore Dollar'),
('SHP', 130, 'Saint Helena Pound'),
('SLL', 131, 'Leone'),
('SOS', 132, 'Somali Shilling'),
('SRD', 134, 'Surinam Dollar'),
('SSP', 133, 'South Sudanese Pound'),
('STD', 135, 'Dobra'),
('SVC', 136, 'El Salvador Colon'),
('SYP', 137, 'Syrian Pound'),
('SZL', 138, 'Lilangeni'),
('THB', 139, 'Baht'),
('TJS', 140, 'Somoni'),
('TMT', 141, 'Manat'),
('TND', 142, 'Tunisian Dinar'),
('TOP', 143, 'Paanga'),
('TRY', 144, 'Turkish Lira'),
('TTD', 145, 'Trinidad and Tobago Dollar'),
('TWD', 146, 'New Taiwan Dollar'),
('TZS', 147, 'Tanzanian Shilling'),
('UAH', 148, 'Hryvnia'),
('UGX', 149, 'Uganda Shilling'),
('USD', 150, 'US Dollar'),
('USN', 151, 'US Dollar (Next day)'),
('USS', 152, 'US Dollar (Same day)'),
('UYI', 153, 'Uruguay Peso en Unidades Indexadas'),
('UYU', 154, 'Peso Uruguayo'),
('UZS', 155, 'Uzbekistan Sum'),
('VEF', 156, 'Bolivar'),
('VND', 157, 'Dong'),
('VUV', 158, 'Vatu'),
('WST', 159, 'Tala'),
('XAF', 160, 'CFA Franc BEAC'),
('XBT', 161, 'Bitcoin'),
('XCD', 162, 'East Caribbean Dollar'),
('XDR', 163, 'International Monetary Fund (IMF) Special Drawing '),
('XOF', 164, 'CFA Franc BCEAO'),
('XPF', 165, 'CFP Franc'),
('YER', 166, 'Yemeni Rial'),
('ZAR', 167, 'Rand'),
('ZMK', 168, 'Zambian Kwacha'),
('ZWL', 169, 'Zimbabwe Dollar');

-- --------------------------------------------------------

--
-- Table structure for table `organisations`
--

CREATE TABLE IF NOT EXISTS `organisations` (
  `organisation_id` smallint(5) unsigned NOT NULL,
  `name` varchar(50) NOT NULL,
  `type_id` smallint(5) unsigned NOT NULL
) ENGINE=InnoDB AUTO_INCREMENT=61 DEFAULT CHARSET=latin1;

--
-- RELATIONS FOR TABLE `organisations`:
--   `type_id`
--       `organisationtypes` -> `type_id`
--

-- --------------------------------------------------------

--
-- Table structure for table `organisationtypes`
--

CREATE TABLE IF NOT EXISTS `organisationtypes` (
  `type_id` smallint(5) unsigned NOT NULL,
  `type` varchar(50) NOT NULL
) ENGINE=InnoDB AUTO_INCREMENT=11 DEFAULT CHARSET=latin1;

--
-- RELATIONS FOR TABLE `organisationtypes`:
--

--
-- Dumping data for table `organisationtypes`
--

INSERT INTO `organisationtypes` (`type_id`, `type`) VALUES
(1, 'Government'),
(2, 'Other Public Sector'),
(3, 'International NGO'),
(4, 'National NGO'),
(5, 'Regional NGO'),
(6, 'Public Private Partnership'),
(7, 'Multilateral'),
(8, 'Foundation'),
(9, 'Private Sector'),
(10, 'Academic, Training and Research');

-- --------------------------------------------------------

--
-- Table structure for table `regions`
--

CREATE TABLE IF NOT EXISTS `regions` (
  `regHasc` varchar(6) NOT NULL,
  `region_id` smallint(5) unsigned NOT NULL,
  `name` varchar(50) NOT NULL
) ENGINE=InnoDB AUTO_INCREMENT=33 DEFAULT CHARSET=latin1;

--
-- RELATIONS FOR TABLE `regions`:
--

--
-- Dumping data for table `regions`
--

INSERT INTO `regions` (`regHasc`, `region_id`, `name`) VALUES
('TZ.AS', 2, 'Arusha'),
('TZ.DO', 1, 'Dodoma'),
('TZ.DS', 7, 'Dar-es-salaam'),
('TZ.GE', 27, 'Geita'),
('TZ.IG', 11, 'Iringa'),
('TZ.KA', 28, 'Katavi'),
('TZ.KG', 18, 'Kagera'),
('TZ.KL', 3, 'Kilimanjaro'),
('TZ.KM', 16, 'Kigoma'),
('TZ.LI', 8, 'Lindi'),
('TZ.MA', 20, 'Mara'),
('TZ.MB', 12, 'Mbeya'),
('TZ.MO', 5, 'Morogoro'),
('TZ.MT', 9, 'Mtwara'),
('TZ.MY', 21, 'Manyara'),
('TZ.MZ', 19, 'Mwanza'),
('TZ.NJ', 29, 'Njombe'),
('TZ.PN', 25, 'Kaskazini-Pemba'),
('TZ.PS', 26, 'Kusini-Pemba'),
('TZ.PW', 6, 'Pwani'),
('TZ.RU', 15, 'Rukwa'),
('TZ.RV', 10, 'Ruvuma'),
('TZ.SD', 13, 'Singida'),
('TZ.SG', 31, 'Songwe'),
('TZ.SI', 30, 'Simiyu'),
('TZ.SY', 17, 'Shinyanga'),
('TZ.TB', 14, 'Tabora'),
('TZ.TN', 4, 'Tanga'),
('TZ.XX', 32, 'Fake Region'),
('TZ.ZN', 22, 'Kaskazini-Unguja'),
('TZ.ZS', 23, 'Kusini-Unguja'),
('TZ.ZW', 24, 'Mjini Magharibi');

-- --------------------------------------------------------

--
-- Table structure for table `villages`
--

CREATE TABLE IF NOT EXISTS `villages` (
  `village_id` smallint(5) unsigned NOT NULL,
  `villagecode` varchar(8) NOT NULL,
  `name` varchar(21) NOT NULL,
  `ward_id` smallint(5) unsigned NOT NULL DEFAULT '0'
) ENGINE=InnoDB DEFAULT CHARSET=latin1;

--
-- RELATIONS FOR TABLE `villages`:
--   `ward_id`
--       `wards` -> `ward_id`
--

-- --------------------------------------------------------

--
-- Table structure for table `wards`
--

CREATE TABLE IF NOT EXISTS `wards` (
  `ward_id` smallint(5) unsigned NOT NULL,
  `wardcode` varchar(8) NOT NULL,
  `name` varchar(21) NOT NULL,
  `distHasc` varchar(10) NOT NULL
) ENGINE=InnoDB AUTO_INCREMENT=3512 DEFAULT CHARSET=latin1;

--
-- RELATIONS FOR TABLE `wards`:
--   `distHasc`
--       `districts` -> `distHasc`
--

--
-- Dumping data for table `wards`
--

INSERT INTO `wards` (`ward_id`, `wardcode`, `name`, `distHasc`) VALUES
(1, '', 'Aghondi', 'TZ.SD.IT'),
(2, '', 'Akheri', 'TZ.AS.ME'),
(3, '', 'Alailelai', 'TZ.AS.NG'),
(4, '', 'Aleni', 'TZ.KL.RO'),
(5, '', 'Amani', 'TZ.TN.MU'),
(6, '', 'Daraja Mbili', 'TZ.AS.AS'),
(7, '', 'Arash', 'TZ.AS.NG'),
(8, '', 'Arri', 'TZ.MY.BA'),
(9, '', 'Arusha Chini', 'TZ.KL.MD'),
(10, '', 'Asante Nyerere', 'TZ.KM.KA'),
(11, '', 'Oloirieni', 'TZ.AS.AS'),
(12, '', 'Sokoni I', 'TZ.AS.AS'),
(13, '', 'Ayasanda', 'TZ.MY.BA'),
(14, '', 'Azimio', 'TZ.DS.TE'),
(15, '', 'Babati', 'TZ.MY.BT'),
(16, '', 'Babayu', 'TZ.DO.BA'),
(17, '', 'Badi', 'TZ.SI.MA'),
(18, '', 'Badugu', 'TZ.SI.BU'),
(19, '', 'Baga', 'TZ.TN.BU'),
(20, '', 'Bagamoyo', 'TZ.MB.RU'),
(21, '', 'Bagara', 'TZ.MY.BT'),
(22, '', 'Bahi', 'TZ.DO.BA'),
(23, '', 'Bakoba', 'TZ.KG.BM'),
(24, '', 'Bashneti', 'TZ.MY.BA'),
(25, '', 'Baleni', 'TZ.PW.MA'),
(26, '', 'Balili', 'TZ.MA.BT'),
(27, '', 'Galapo', 'TZ.MY.BA'),
(28, '', 'Qashi', 'TZ.MY.BA'),
(29, '', 'Bangata', 'TZ.AS.AM'),
(30, '', 'Bangwe', 'TZ.KM.KM'),
(31, '', 'Bara', 'TZ.SG.MD'),
(32, '', 'Baraa', 'TZ.AS.AS'),
(33, '', 'Baray', 'TZ.AS.KA'),
(34, '', 'Bargish', 'TZ.MY.MT'),
(35, '', 'Bariadi', 'TZ.SI.BA'),
(36, '', 'Barikiwa', 'TZ.LI.LI'),
(37, '', 'Bashay', 'TZ.MY.MB'),
(38, '', 'Mutuka', 'TZ.MY.BT'),
(39, '', 'Bassodesh', 'TZ.MY.HA'),
(40, '', 'Bassotu', 'TZ.MY.HA'),
(41, '', 'Bendera', 'TZ.KL.SA'),
(42, '', 'Berega', 'TZ.MO.KS'),
(43, '', 'Berege', 'TZ.DO.MP'),
(44, '', 'Bereko', 'TZ.DO.KD'),
(45, '', 'Bigwa', 'TZ.MO.MR'),
(46, '', 'Biharamulo Mjini', 'TZ.KG.BI'),
(47, '', 'Biharu', 'TZ.KM.BU'),
(48, '', 'Biirabo', 'TZ.KG.MU'),
(49, '', 'Bilele', 'TZ.KG.BM'),
(50, '', 'Binagi', 'TZ.MA.TA'),
(51, '', 'Nangara', 'TZ.MY.BT'),
(52, '', 'Binza', 'TZ.SI.MA'),
(53, '', 'Biriri', 'TZ.KL.SI'),
(54, '', 'Biro', 'TZ.MO.MA'),
(55, '', 'Bisheke', 'TZ.KG.MU'),
(56, '', 'Bisibo', 'TZ.KG.BI'),
(57, '', 'Bisumwa', 'TZ.MA.BD'),
(58, '', 'Bitale', 'TZ.KM.KD'),
(59, '', 'Bitare', 'TZ.KM.KI'),
(60, '', 'Bokomnemela', 'TZ.PW.KB'),
(61, '', 'Bolisa', 'TZ.DO.KD'),
(62, '', 'Boma', 'TZ.TN.MK'),
(63, '', 'Boma', 'TZ.MO.MR'),
(64, '', 'Boma', 'TZ.IG.MA'),
(65, '', 'Boma la Ng''ombe', 'TZ.IG.KI'),
(66, '', 'Boma Mbuzi', 'TZ.KL.MM'),
(67, '', 'Bomani', 'TZ.MA.TT'),
(68, '', 'Bombambili', 'TZ.RV.SU'),
(69, '', 'Bombo', 'TZ.KL.SA'),
(70, '', 'Bonde la Songwe', 'TZ.MB.MU'),
(71, '', 'Bondeni', 'TZ.KL.MM'),
(72, '', 'Bonga', 'TZ.MY.BT'),
(73, '', 'Sigino', 'TZ.MY.BT'),
(74, '', 'Bosha', 'TZ.TN.MK'),
(75, '', 'Bubiki', 'TZ.SY.KI'),
(76, '', 'Fukayose', 'TZ.PW.BA'),
(77, '', 'Buchambi', 'TZ.SI.MA'),
(78, '', 'Budalabujiga', 'TZ.SI.IT'),
(79, '', 'Budekwa', 'TZ.SI.MA'),
(80, '', 'Pera', 'TZ.PW.BA'),
(81, '', 'Bugaga', 'TZ.KM.KA'),
(82, '', 'Bugalama', 'TZ.GE.GD'),
(83, '', 'Bugando', 'TZ.MZ.KW'),
(84, '', 'Buganguzi', 'TZ.KG.MU'),
(85, '', 'Bugarama', 'TZ.SY.MS'),
(86, '', 'Bugarama', 'TZ.KG.NG'),
(87, '', 'Bugelenga', 'TZ.GE.BU'),
(88, '', 'Bugene', 'TZ.KG.KA'),
(89, '', 'Buger', 'TZ.AS.KA'),
(90, '', 'Bugogwa', 'TZ.MZ.IL'),
(91, '', 'Bugomora', 'TZ.KG.KY'),
(92, '', 'Bugulula', 'TZ.GE.GD'),
(93, '', 'Buguruni', 'TZ.DS.IL'),
(94, '', 'Bugwema', 'TZ.MA.MR'),
(95, '', 'Buhanda', 'TZ.KM.KM'),
(96, '', 'Buhemba', 'TZ.MA.BD'),
(97, '', 'Buhendangabo', 'TZ.KG.BD'),
(98, '', 'Buhigwe', 'TZ.KM.BU'),
(99, '', 'Buhingo', 'TZ.MZ.MI'),
(100, '', 'Buhingu', 'TZ.KM.UV'),
(101, '', 'Nemba', 'TZ.KG.BI'),
(102, '', 'Buhoro', 'TZ.KM.KA'),
(103, '', 'Buigiri', 'TZ.DO.CW'),
(104, '', 'Bujashi', 'TZ.MZ.MA'),
(105, '', 'Bujela', 'TZ.MB.RU'),
(106, '', 'Bujonde', 'TZ.MB.KY'),
(107, '', 'Bujugo', 'TZ.KG.BD'),
(108, '', 'Ruziba', 'TZ.KG.BI'),
(109, '', 'Bukabwa', 'TZ.MA.BD'),
(110, '', 'Bukanda', 'TZ.MZ.UK'),
(111, '', 'Bukandwe', 'TZ.MZ.MA'),
(112, '', 'Bukandwe', 'TZ.GE.MB'),
(113, '', 'Katerero', 'TZ.KG.BD'),
(114, '', 'Bukene', 'TZ.SY.SR'),
(115, '', 'Bukima', 'TZ.MA.MR'),
(116, '', 'Bukindo', 'TZ.MZ.UK'),
(117, '', 'Bukiriro', 'TZ.KG.NG'),
(118, '', 'Mugajwale', 'TZ.KG.BD'),
(119, '', 'Bukoko', 'TZ.TB.IG'),
(120, '', 'Bukoli', 'TZ.GE.GD'),
(121, '', 'Bukombe', 'TZ.GE.BU'),
(122, '', 'Bukome', 'TZ.GE.CH'),
(123, '', 'Bukomela', 'TZ.SY.US'),
(124, '', 'Bukondo', 'TZ.GE.GD'),
(125, '', 'Buhemba', 'TZ.KG.BM'),
(126, '', 'Bukumbi', 'TZ.TB.UY'),
(127, '', 'Bukumi', 'TZ.MA.MR'),
(128, '', 'Bukundi', 'TZ.SI.ME'),
(129, '', 'Bukungu', 'TZ.MZ.UK'),
(130, '', 'Bukura', 'TZ.MA.RO'),
(131, '', 'Bukwe', 'TZ.MA.RO'),
(132, '', 'Bukwimba', 'TZ.GE.NY'),
(133, '', 'Bulela', 'TZ.GE.GT'),
(134, '', 'Bulemeji', 'TZ.MZ.MI'),
(135, '', 'Bulige', 'TZ.SY.MS'),
(136, '', 'Bulinga', 'TZ.MA.MR'),
(137, '', 'Bulongwa', 'TZ.NJ.MA'),
(138, '', 'Bulungwa', 'TZ.SY.US'),
(139, '', 'Bulyaga', 'TZ.MB.RU'),
(140, '', 'Bulyaheke', 'TZ.MZ.BU'),
(141, '', 'Bulyakashaju', 'TZ.KG.MU'),
(142, '', 'Bulyanhulu', 'TZ.SY.MS'),
(143, '', 'Bumbire', 'TZ.KG.MU'),
(144, '', 'Bumbuli', 'TZ.TN.BU'),
(145, '', 'Bumbuta', 'TZ.DO.KD'),
(146, '', 'Kagondo', 'TZ.KG.BM'),
(147, '', 'Bumera', 'TZ.MA.TA'),
(148, '', 'Bumera', 'TZ.SI.IT'),
(149, '', 'Kibeta', 'TZ.KG.BM'),
(150, '', 'Bunambiyu', 'TZ.SY.KI'),
(151, '', 'Bunamhala', 'TZ.SI.BA'),
(152, '', 'Bunda Mjini', 'TZ.MA.BT'),
(153, '', 'Bunda Stoo', 'TZ.MA.BT'),
(154, '', 'Bunduki', 'TZ.MO.MV'),
(155, '', 'Nyanga', 'TZ.KG.BM'),
(156, '', 'Bungu', 'TZ.TN.KO'),
(157, '', 'Bungu', 'TZ.MO.MU'),
(158, '', 'Bungu', 'TZ.PW.KD'),
(159, '', 'Bungulwa', 'TZ.MZ.KW'),
(160, '', 'Bung''wangoko', 'TZ.GE.GT'),
(161, '', 'Busonzo', 'TZ.GE.BU'),
(162, '', 'Ng''anzo', 'TZ.GE.BU'),
(163, '', 'Bupamwa', 'TZ.MZ.KW'),
(164, '', 'Bupandwa', 'TZ.MZ.BU'),
(165, '', 'Runzewe Magharibi', 'TZ.GE.BU'),
(166, '', 'Bupu', 'TZ.PW.MK'),
(167, '', 'Etaro', 'TZ.MA.BD'),
(168, '', 'Buruma', 'TZ.MA.BD'),
(169, '', 'Nyakatende', 'TZ.MA.BD'),
(170, '', 'Busagara', 'TZ.KM.KI'),
(171, '', 'Busale', 'TZ.MB.KY'),
(172, '', 'Busambara', 'TZ.MA.MR'),
(173, '', 'Busanda', 'TZ.GE.GD'),
(174, '', 'Busangi', 'TZ.SY.MS'),
(175, '', 'Busawe', 'TZ.MA.SE'),
(176, '', 'Busegwe', 'TZ.MA.BD'),
(177, '', 'Buseresere', 'TZ.GE.CH'),
(178, '', 'Bushiri', 'TZ.TN.PA'),
(179, '', 'Busilili', 'TZ.SI.MA'),
(180, '', 'Businde', 'TZ.KM.KM'),
(181, '', 'Businde', 'TZ.KG.KY'),
(182, '', 'Busisi', 'TZ.MZ.SE'),
(183, '', 'Nyegina', 'TZ.MA.BD'),
(184, '', 'Busolwa', 'TZ.GE.NY'),
(185, '', 'Busongo', 'TZ.MZ.MI'),
(186, '', 'Chanjaani', 'TZ.PS.CH'),
(187, '', 'Busunzu', 'TZ.KM.KI'),
(188, '', 'Buswahili', 'TZ.MA.BD'),
(189, '', 'Buswelu', 'TZ.MZ.IL'),
(190, '', 'Butelankuzi', 'TZ.KG.BD'),
(191, '', 'Butengorumasa', 'TZ.GE.CH'),
(192, '', 'Butiama', 'TZ.MA.BD'),
(193, '', 'Chonga', 'TZ.PS.CH'),
(194, '', 'Butimba', 'TZ.MA.BU'),
(195, '', 'Butinzya', 'TZ.GE.BU'),
(196, '', 'Butobela', 'TZ.GE.GD'),
(197, '', 'Butuguri', 'TZ.MA.BD'),
(198, '', 'Butulage', 'TZ.KG.BD'),
(199, '', 'Buyagu', 'TZ.MZ.SE'),
(200, '', 'Kwale', 'TZ.PS.CH'),
(201, '', 'Mgelema', 'TZ.PS.CH'),
(202, '', 'Buzebazeba', 'TZ.KM.KM'),
(203, '', 'Buziku', 'TZ.GE.CH'),
(204, '', 'Buzilasoga', 'TZ.MZ.SE'),
(205, '', 'Bwagamoyo', 'TZ.MY.KI'),
(206, '', 'Ndagoni', 'TZ.PS.CH'),
(207, '', 'Bwakila Juu', 'TZ.MO.MU'),
(208, '', 'Bwambo', 'TZ.KL.SA'),
(209, '', 'Bwanga', 'TZ.GE.CH'),
(210, '', 'Ng''ambwa', 'TZ.PS.CH'),
(211, '', 'Bwasi', 'TZ.MA.MR'),
(212, '', 'Bwawani', 'TZ.AS.AM'),
(213, '', 'Pujini', 'TZ.PS.CH'),
(214, '', 'Shungi', 'TZ.PS.CH'),
(215, '', 'Bwembwera', 'TZ.TN.MU'),
(216, '', 'Bweni', 'TZ.TN.PA'),
(217, '', 'Bwera', 'TZ.GE.CH'),
(218, '', 'Bweranyange', 'TZ.KG.KA'),
(219, '', 'Vitongoji', 'TZ.PS.CH'),
(220, '', 'Bwilingu', 'TZ.PW.CH'),
(221, '', 'Wawi', 'TZ.PS.CH'),
(222, '', 'Bwiregi', 'TZ.MA.BD'),
(223, '', 'Bwiro', 'TZ.MZ.UK'),
(224, '', 'Bwisya', 'TZ.MZ.UK'),
(225, '', 'Bwiti', 'TZ.TN.MK'),
(226, '', 'Bwongera', 'TZ.GE.CH'),
(227, '', 'Central', 'TZ.TN.TA'),
(228, '', 'Ziwani', 'TZ.PS.CH'),
(229, '', 'Iringamvumi', 'TZ.DO.CW'),
(230, '', 'Chabutwa', 'TZ.TB.SI'),
(231, '', 'Chabutwa', 'TZ.TB.SI'),
(232, '', 'Chagongwe', 'TZ.MO.GA'),
(233, '', 'Chahwa', 'TZ.DO.DO'),
(234, '', 'Chakwale', 'TZ.MO.GA'),
(235, '', 'Chala', 'TZ.RU.NK'),
(236, '', 'Chalangwa', 'TZ.MB.CH'),
(237, '', 'Chali', 'TZ.DO.BA'),
(238, '', 'Chamaguha', 'TZ.SY.SU'),
(239, '', 'Bwina', 'TZ.GE.CH'),
(240, '', 'Chambo', 'TZ.SY.US'),
(241, '', 'Chamkoroma', 'TZ.DO.KG'),
(242, '', 'Chamwino', 'TZ.DO.DO'),
(243, '', 'Chandama', 'TZ.DO.CB'),
(244, '', 'Changaa', 'TZ.DO.KD'),
(245, '', 'Chang''ombe', 'TZ.DO.DO'),
(246, '', 'Muungano', 'TZ.GE.CH'),
(247, '', 'Chanika', 'TZ.TN.HT'),
(248, '', 'Galula', 'TZ.MB.CH'),
(249, '', 'Chanika', 'TZ.KG.KA'),
(250, '', 'Gua', 'TZ.MB.CH'),
(251, '', 'Chanjale', 'TZ.MO.GA'),
(252, '', 'Chanji', 'TZ.RU.SU'),
(253, '', 'Chanzulu', 'TZ.MO.KS'),
(254, '', 'Ifyenkenya', 'TZ.MB.CH'),
(255, '', 'Kanga', 'TZ.MB.CH'),
(256, '', 'Chato', 'TZ.GE.CH'),
(257, '', 'Chaume', 'TZ.MT.TA'),
(258, '', 'Chawi', 'TZ.MT.NA'),
(259, '', 'Kapalala', 'TZ.MB.CH'),
(260, '', 'Chekelei', 'TZ.TN.KO'),
(261, '', 'Chela', 'TZ.SY.MS'),
(262, '', 'Chemba', 'TZ.DO.CB'),
(263, '', 'Chemchem', 'TZ.DO.KD'),
(264, '', 'Chemchem', 'TZ.PW.RU'),
(265, '', 'Chemchem', 'TZ.TB.TA'),
(266, '', 'Cheyo', 'TZ.TB.TA'),
(267, '', 'Chibe', 'TZ.SY.SU'),
(268, '', 'Chibelela', 'TZ.DO.BA'),
(269, '', 'Chiboli', 'TZ.DO.CW'),
(270, '', 'Chibula', 'TZ.LI.RU'),
(271, '', 'Chienjele', 'TZ.LI.RU'),
(272, '', 'Magamba', 'TZ.MB.CH'),
(273, '', 'Chigongwe', 'TZ.DO.DO'),
(274, '', 'Chigugu', 'TZ.MT.MA'),
(275, '', 'Chigunga', 'TZ.GE.GD'),
(276, '', 'Chihanga', 'TZ.DO.DO'),
(277, '', 'Chihangu', 'TZ.MT.NE'),
(278, '', 'Chikola', 'TZ.DO.BA'),
(279, '', 'Chikola', 'TZ.SD.MA'),
(280, '', 'Chikolopola', 'TZ.MT.MA'),
(281, '', 'Chikongola', 'TZ.MT.TA'),
(282, '', 'Chikongola', 'TZ.MT.TA'),
(283, '', 'Chikonji', 'TZ.LI.LM'),
(284, '', 'Chikuyu', 'TZ.SD.MA'),
(285, '', 'Chilangala', 'TZ.MT.NE'),
(286, '', 'Chilonwa', 'TZ.DO.CW'),
(287, '', 'Makongorosi', 'TZ.MB.CH'),
(288, '', 'Chimala', 'TZ.MB.MB'),
(289, '', 'Mbangala', 'TZ.MB.CH'),
(290, '', 'Chinamili', 'TZ.SI.IT'),
(291, '', 'Chingungwe', 'TZ.MT.TA'),
(292, '', 'Chinongwe', 'TZ.LI.RU'),
(293, '', 'Chinugulu', 'TZ.DO.CW'),
(294, '', 'Chiola', 'TZ.LI.NA'),
(295, '', 'Chipanga', 'TZ.DO.BA'),
(296, '', 'Chipogoro', 'TZ.DO.MP'),
(297, '', 'Chiponda', 'TZ.LI.LD'),
(298, '', 'Mbuyuni', 'TZ.MB.CH'),
(299, '', 'Chirombola', 'TZ.MO.UL'),
(300, '', 'Chisano', 'TZ.MO.KM'),
(301, '', 'Chitego', 'TZ.DO.KG'),
(302, '', 'Chitekete', 'TZ.MT.NE'),
(303, '', 'Chitemo', 'TZ.DO.MP'),
(304, '', 'Chitengule', 'TZ.MA.BU'),
(305, '', 'Mkwajuni', 'TZ.MB.CH'),
(306, '', 'Mwambani', 'TZ.MB.CH'),
(307, '', 'Chiungutwa', 'TZ.MT.MA'),
(308, '', 'Chiwale', 'TZ.MT.MA'),
(309, '', 'Chiwanda', 'TZ.RV.NY'),
(310, '', 'Chiwata', 'TZ.MT.MA'),
(311, '', 'Chiwe', 'TZ.DO.KG'),
(312, '', 'Namkukwe', 'TZ.MB.CH'),
(313, '', 'Chiwonga', 'TZ.MT.NE'),
(314, '', 'Chokaa', 'TZ.MB.CH'),
(315, '', 'Cholesamvula', 'TZ.PW.KS'),
(316, '', 'Choma', 'TZ.TB.IG'),
(317, '', 'Chome', 'TZ.KL.SA'),
(318, '', 'Chomvu', 'TZ.KL.MW'),
(319, '', 'Chona', 'TZ.SY.US'),
(320, '', 'Ngwala', 'TZ.MB.CH'),
(321, '', 'Chongoleani', 'TZ.TN.TA'),
(322, '', 'Chonyonyo', 'TZ.KG.KA'),
(323, '', 'Saza', 'TZ.MB.CH'),
(324, '', 'Totowe', 'TZ.MB.CH'),
(325, '', 'Chumbageni', 'TZ.TN.TA'),
(326, '', 'Chumbi', 'TZ.PW.RU'),
(327, '', 'Dom-Makulu', 'TZ.DO.DO'),
(328, '', 'Chumo', 'TZ.LI.KI'),
(329, '', 'Chuno', 'TZ.MT.MU'),
(330, '', 'Chunyu', 'TZ.DO.MP'),
(331, '', 'Chunyu', 'TZ.LI.RU'),
(332, '', 'Churuku', 'TZ.DO.CB'),
(333, '', 'Ipagala', 'TZ.DO.DO'),
(334, '', 'Majengo', 'TZ.DO.DO'),
(335, '', 'Mnadani', 'TZ.DO.DO'),
(336, '', 'Daa', 'TZ.AS.KA'),
(337, '', 'Dabaga', 'TZ.IG.KI'),
(338, '', 'Dabalo', 'TZ.DO.CW'),
(339, '', 'Dabil', 'TZ.MY.BA'),
(340, '', 'Dakama', 'TZ.SI.MA'),
(341, '', 'Dalai', 'TZ.DO.CB'),
(342, '', 'Daluni', 'TZ.TN.MK'),
(343, '', 'Ngh''ongh''onha', 'TZ.DO.DO'),
(344, '', 'Dareda', 'TZ.MY.BA'),
(345, '', 'Daudi', 'TZ.MY.MT'),
(346, '', 'Didia', 'TZ.SY.SR'),
(347, '', 'Digodigo', 'TZ.AS.NG'),
(348, '', 'Dihimba', 'TZ.MT.MR'),
(349, '', 'Dimani', 'TZ.PW.KD'),
(350, '', 'Tambukareli', 'TZ.DO.DO'),
(351, '', 'Dinamu', 'TZ.MY.MB'),
(352, '', 'Dindira', 'TZ.TN.KO'),
(353, '', 'Diongoya', 'TZ.MO.MV'),
(354, '', 'Dirma', 'TZ.MY.HA'),
(355, '', 'Doda', 'TZ.TN.MK'),
(356, '', 'Doma', 'TZ.MO.MV'),
(357, '', 'Balagidalalu', 'TZ.MY.HA'),
(358, '', 'Endasiwold', 'TZ.MY.HA'),
(359, '', 'Ganana', 'TZ.MY.HA'),
(360, '', 'Giting', 'TZ.MY.HA'),
(361, '', 'Hidet', 'TZ.MY.HA'),
(362, '', 'Lalaji', 'TZ.MY.HA'),
(363, '', 'Dongo', 'TZ.MY.KI'),
(364, '', 'Dongobesh', 'TZ.MY.MB'),
(365, '', 'Maskron', 'TZ.MY.HA'),
(366, '', 'Dosidosi', 'TZ.MY.KI'),
(367, '', 'Duga', 'TZ.TN.TA'),
(368, '', 'Duga', 'TZ.TN.TA'),
(369, '', 'Kwamkonje', 'TZ.TN.HA'),
(370, '', 'Kwediyamba', 'TZ.TN.HT'),
(371, '', 'Dumila', 'TZ.MO.KS'),
(372, '', 'Dunda', 'TZ.PW.BA'),
(373, '', 'Kwenjugo', 'TZ.TN.HT'),
(374, '', 'Malezi', 'TZ.TN.HT'),
(375, '', 'Dung''unyi', 'TZ.SD.ID'),
(376, '', 'Duru', 'TZ.MY.BA'),
(377, '', 'Dutumi', 'TZ.PW.KB'),
(378, '', 'Dutwa', 'TZ.SI.BD'),
(379, '', 'Eleng''ata Dapash', 'TZ.AS.LO'),
(380, '', 'Elerai', 'TZ.AS.AS'),
(381, '', 'Emboreet', 'TZ.MY.SI'),
(382, '', 'Endabash', 'TZ.AS.KA'),
(383, '', 'Mlimani', 'TZ.TN.HT'),
(384, '', 'Endamaghang', 'TZ.AS.KA'),
(385, '', 'Endamarariek', 'TZ.AS.KA'),
(386, '', 'Endamilay', 'TZ.MY.MB'),
(387, '', 'Endasak', 'TZ.MY.HA'),
(388, '', 'Msasa', 'TZ.TN.HT'),
(389, '', 'Igowero', 'TZ.TB.IG'),
(390, '', 'Itumba', 'TZ.TB.IG'),
(391, '', 'Engarenaibor', 'TZ.AS.LO'),
(392, '', 'Engaruka', 'TZ.AS.MO'),
(393, '', 'Engikaret', 'TZ.AS.LO'),
(394, '', 'Engusero', 'TZ.MY.KI'),
(395, '', 'Kining''inila', 'TZ.TB.IG'),
(396, '', 'Engutoto', 'TZ.AS.AS'),
(397, '', 'Engutoto', 'TZ.AS.AS'),
(398, '', 'Mwamashimba', 'TZ.TB.IG'),
(399, '', 'Esilalei', 'TZ.AS.MO'),
(400, '', 'Ndembezi', 'TZ.TB.IG'),
(401, '', 'Euga', 'TZ.MO.UL'),
(402, '', 'Farkwa', 'TZ.DO.CB'),
(403, '', 'Fella', 'TZ.MZ.MI'),
(404, '', 'Nyandekwa', 'TZ.TB.IG'),
(405, '', 'Forest', 'TZ.MB.MR'),
(406, '', 'Fufu', 'TZ.DO.CW'),
(407, '', 'Chanika', 'TZ.DS.IL'),
(408, '', 'Fukalo', 'TZ.MZ.KW'),
(409, '', 'Gerezani', 'TZ.DS.IL'),
(410, '', 'Gongolamboto', 'TZ.DS.IL'),
(411, '', 'Ilala', 'TZ.DS.IL'),
(412, '', 'Jangwani', 'TZ.DS.IL'),
(413, '', 'Funta', 'TZ.TN.BU'),
(414, '', 'Kariakoo', 'TZ.DS.IL'),
(415, '', 'Kimanga', 'TZ.DS.IL'),
(416, '', 'Gairo', 'TZ.MO.GA'),
(417, '', 'Kinyerezi', 'TZ.DS.IL'),
(418, '', 'Galigali', 'TZ.DO.MP'),
(419, '', 'Kipawa', 'TZ.DS.IL'),
(420, '', 'Kisutu', 'TZ.DS.IL'),
(421, '', 'Gambosi', 'TZ.SI.BD'),
(422, '', 'Ganako', 'TZ.AS.KA'),
(423, '', 'Kitunda', 'TZ.DS.IL'),
(424, '', 'Kivukoni', 'TZ.DS.IL'),
(425, '', 'Gangilonga', 'TZ.IG.IM'),
(426, '', 'Gararagua', 'TZ.KL.SI'),
(427, '', 'Gare', 'TZ.TN.LU'),
(428, '', 'Gehandu', 'TZ.MY.HA'),
(429, '', 'Gehandu', 'TZ.MY.HA'),
(430, '', 'Geitasamo', 'TZ.MA.SE'),
(431, '', 'Gelai lumbwa', 'TZ.AS.LO'),
(432, '', 'Gelai Meirugoi', 'TZ.AS.LO'),
(433, '', 'Gendabi', 'TZ.MY.HA'),
(434, '', 'Kivule', 'TZ.DS.IL'),
(435, '', 'Genyange', 'TZ.MA.TA'),
(436, '', 'Kiwalani', 'TZ.DS.IL'),
(437, '', 'Majohe', 'TZ.DS.IL'),
(438, '', 'Getanuwas', 'TZ.MY.HA'),
(439, '', 'Geterer', 'TZ.MY.MB'),
(440, '', 'Mchafukoge', 'TZ.DS.IL'),
(441, '', 'Mchikichini', 'TZ.DS.IL'),
(442, '', 'Gidahababieg', 'TZ.MY.HA'),
(443, '', 'Gidas', 'TZ.MY.BA'),
(444, '', 'Gidihim', 'TZ.MY.MB'),
(445, '', 'Gilya', 'TZ.SI.BD'),
(446, '', 'Gisambalang', 'TZ.MY.HA'),
(447, '', 'Msongola', 'TZ.DS.IL'),
(448, '', 'Pugu', 'TZ.DS.IL'),
(449, '', 'Godegode', 'TZ.DO.MP'),
(450, '', 'Goima', 'TZ.DO.CB'),
(451, '', 'Gombero', 'TZ.TN.MK'),
(452, '', 'Segerea', 'TZ.DS.IL'),
(453, '', 'Gongoni', 'TZ.TB.TA'),
(454, '', 'Goribe', 'TZ.MA.RO'),
(455, '', 'Gorong''a', 'TZ.MA.TA'),
(456, '', 'Goweko', 'TZ.TB.UY'),
(457, '', 'Tabata', 'TZ.DS.IL'),
(458, '', 'Ukonga', 'TZ.DS.IL'),
(459, '', 'Guduwi', 'TZ.SI.BA'),
(460, '', 'Upanga Magharibi', 'TZ.DS.IL'),
(461, '', 'Gulumungu', 'TZ.MZ.MI'),
(462, '', 'Gulwe', 'TZ.DO.MP'),
(463, '', 'Gumanga', 'TZ.SD.MK'),
(464, '', 'Gumbiro', 'TZ.RV.SR'),
(465, '', 'Gungu', 'TZ.KM.KM'),
(466, '', 'Gunyoda', 'TZ.MY.MT'),
(467, '', 'Guta', 'TZ.MA.BT'),
(468, '', 'Upanga Mashariki', 'TZ.DS.IL'),
(469, '', 'Gwandi', 'TZ.DO.CB'),
(470, '', 'Gwanseli', 'TZ.KG.MU'),
(471, '', 'Gwata', 'TZ.MO.MU'),
(472, '', 'Gwata', 'TZ.PW.KB'),
(473, '', 'Hai Mjini', 'TZ.KL.HA'),
(474, '', 'Vingunguti', 'TZ.DS.IL'),
(475, '', 'Hamugembe', 'TZ.KG.BM'),
(476, '', 'Bupigu', 'TZ.SG.IL'),
(477, '', 'Handali', 'TZ.DO.CW'),
(478, '', 'Haneti', 'TZ.DO.CW'),
(479, '', 'Hanga', 'TZ.RV.NA'),
(480, '', 'Haubi', 'TZ.DO.KD'),
(481, '', 'Hayderer', 'TZ.MY.MB'),
(482, '', 'Haydom', 'TZ.MY.MB'),
(483, '', 'Hazina', 'TZ.DO.DO'),
(484, '', 'Hedaru', 'TZ.KL.SA'),
(485, '', 'Heka', 'TZ.SD.MA'),
(486, '', 'Hembeti', 'TZ.MO.MV'),
(487, '', 'Hemtoye', 'TZ.TN.LU'),
(488, '', 'Chitete', 'TZ.SG.IL'),
(489, '', 'Ibaba', 'TZ.SG.IL'),
(490, '', 'Hirbadaw', 'TZ.MY.HA'),
(491, '', 'Hogoro', 'TZ.DO.KG'),
(492, '', 'Holili', 'TZ.KL.RO'),
(493, '', 'Hombolo', 'TZ.DO.DO'),
(494, '', 'Ikinga', 'TZ.SG.IL'),
(495, '', 'Hungumalwa', 'TZ.MZ.KW'),
(496, '', 'Hunyari', 'TZ.MA.BU'),
(497, '', 'Huzi', 'TZ.DO.CW'),
(498, '', 'Itale', 'TZ.SG.IL'),
(499, '', 'Ibadakuli', 'TZ.SY.SU'),
(500, '', 'Ibaga', 'TZ.SD.MK'),
(501, '', 'Itumba', 'TZ.SG.IL'),
(502, '', 'Ibighi', 'TZ.MB.RU'),
(503, '', 'Ibihwa', 'TZ.DO.BA'),
(504, '', 'Ibinzamata', 'TZ.SY.SU'),
(505, '', 'Ibiri', 'TZ.TB.UY'),
(506, '', 'Ibisabageni', 'TZ.MZ.SE'),
(507, '', 'Kafule', 'TZ.SG.IL'),
(508, '', 'Ibugule', 'TZ.DO.BA'),
(509, '', 'Kalembo', 'TZ.SG.IL'),
(510, '', 'Ibumu', 'TZ.IG.KI'),
(511, '', 'Ibwera', 'TZ.KG.BD'),
(512, '', 'Ichemba', 'TZ.TB.KA'),
(513, '', 'Ichwankima', 'TZ.GE.CH'),
(514, '', 'Idahina', 'TZ.SY.US'),
(515, '', 'Idamba', 'TZ.NJ.NJ'),
(516, '', 'Idete', 'TZ.MO.KM'),
(517, '', 'Idete', 'TZ.IG.KI'),
(518, '', 'Idetemya', 'TZ.MZ.MI'),
(519, '', 'Idibo', 'TZ.MO.GA'),
(520, '', 'Idifu', 'TZ.DO.CW'),
(521, '', 'Idodi', 'TZ.IG.ID'),
(522, '', 'Idodyandole', 'TZ.SD.IT'),
(523, '', 'Lubanda', 'TZ.SG.IL'),
(524, '', 'Idunda', 'TZ.IG.MU'),
(525, '', 'Iduo', 'TZ.DO.KG'),
(526, '', 'Ifakara', 'TZ.MO.IF'),
(527, '', 'Ifucha', 'TZ.TB.TA'),
(528, '', 'Ifumbo', 'TZ.MB.CH'),
(529, '', 'Ifunda', 'TZ.IG.ID'),
(530, '', 'Ifwagi', 'TZ.IG.MU'),
(531, '', 'Luswisi', 'TZ.SG.IL'),
(532, '', 'Igagala', 'TZ.TB.KA'),
(533, '', 'Malangali', 'TZ.SG.IL'),
(534, '', 'Igale', 'TZ.MB.MU'),
(535, '', 'Igalukilo', 'TZ.SI.BU'),
(536, '', 'Igalula', 'TZ.TB.UY'),
(537, '', 'Igalula', 'TZ.KM.UV'),
(538, '', 'Igalula', 'TZ.MZ.SE'),
(539, '', 'Mbebe', 'TZ.SG.IL'),
(540, '', 'Igandu', 'TZ.DO.CW'),
(541, '', 'Iganjo', 'TZ.MB.MR'),
(542, '', 'Iganzo', 'TZ.MB.MR'),
(543, '', 'Igava', 'TZ.MB.MB'),
(544, '', 'Igawilo', 'TZ.MB.MR'),
(545, '', 'Ighombwe', 'TZ.SD.ID'),
(546, '', 'Igima', 'TZ.NJ.WA'),
(547, '', 'Iglansoni', 'TZ.SD.ID'),
(548, '', 'Mlale', 'TZ.SG.IL'),
(549, '', 'Igokelo', 'TZ.MZ.MI'),
(550, '', 'Igoma', 'TZ.MB.MU'),
(551, '', 'Ndola', 'TZ.SG.IL'),
(552, '', 'Ngulilo', 'TZ.SG.IL'),
(553, '', 'Igombe Mkulu', 'TZ.TB.KA'),
(554, '', 'Igongolo', 'TZ.NJ.NJ'),
(555, '', 'Igongwa', 'TZ.MZ.KW'),
(556, '', 'Igosi', 'TZ.NJ.WA'),
(557, '', 'Ngulugulu', 'TZ.SG.IL'),
(558, '', 'Igowole', 'TZ.IG.MU'),
(559, '', 'Iguguno', 'TZ.SD.MK'),
(560, '', 'Igulumuki', 'TZ.MZ.SE'),
(561, '', 'Igulwa', 'TZ.GE.BU'),
(562, '', 'Igunda', 'TZ.SY.US'),
(563, '', 'Igundu', 'TZ.MA.BU'),
(564, '', 'Igunga', 'TZ.TB.IG'),
(565, '', 'Igurubi', 'TZ.TB.IG'),
(566, '', 'Igurusi', 'TZ.MB.MB'),
(567, '', 'Igurwa', 'TZ.KG.KA'),
(568, '', 'Igusule', 'TZ.TB.NZ'),
(569, '', 'Igwachanya', 'TZ.NJ.WA'),
(570, '', 'Igwamanoni', 'TZ.SY.US'),
(571, '', 'Igwisi', 'TZ.TB.KA'),
(572, '', 'Ihahi', 'TZ.MB.MB'),
(573, '', 'Ihalimba', 'TZ.IG.MU'),
(574, '', 'Ihanamilo', 'TZ.GE.GT'),
(575, '', 'Sange', 'TZ.SG.IL'),
(576, '', 'Ilala', 'TZ.IG.IM'),
(577, '', 'Ihanga', 'TZ.NJ.NT'),
(578, '', 'Ihango', 'TZ.MB.MU'),
(579, '', 'Ihanja', 'TZ.SD.ID'),
(580, '', 'Ihanu', 'TZ.IG.MU'),
(581, '', 'Ihembe', 'TZ.KG.KA'),
(582, '', 'Ihimbo', 'TZ.IG.KI'),
(583, '', 'Ihowanza', 'TZ.IG.MU'),
(584, '', 'Ijanija', 'TZ.TB.NT'),
(585, '', 'Ijombe', 'TZ.MB.MU'),
(586, '', 'Ijuganyondo', 'TZ.KG.BM'),
(587, '', 'Kwakilosa', 'TZ.IG.IM'),
(588, '', 'Ikama', 'TZ.MB.KY'),
(589, '', 'Ikama', 'TZ.MB.KY'),
(590, '', 'Ikhanoda', 'TZ.SD.SI'),
(591, '', 'Ikimba', 'TZ.MB.KY'),
(592, '', 'Mshindo', 'TZ.IG.IM'),
(593, '', 'Ikindwa', 'TZ.TB.NZ'),
(594, '', 'Ikindiro', 'TZ.SI.IT'),
(595, '', 'Ikobe', 'TZ.GE.MB'),
(596, '', 'Ikola', 'TZ.KA.MD'),
(597, '', 'Ikolo', 'TZ.MB.KY'),
(598, '', 'Ikoma', 'TZ.MA.RO'),
(599, '', 'Ikoma', 'TZ.MA.RO'),
(600, '', 'Ikomwa', 'TZ.TB.TA'),
(601, '', 'Ikondo', 'TZ.NJ.NJ'),
(602, '', 'Ikongolo', 'TZ.TB.UY'),
(603, '', 'Ikowa', 'TZ.DO.CW'),
(604, '', 'Ikukwa', 'TZ.MB.MU'),
(605, '', 'Ikuna', 'TZ.NJ.NJ'),
(606, '', 'Ikungi', 'TZ.SD.ID'),
(607, '', 'Ikunguigazi', 'TZ.GE.MB'),
(608, '', 'Ikungulyabashashi', 'TZ.SI.BD'),
(609, '', 'Ikuti', 'TZ.MB.RU'),
(610, '', 'Ikuwo', 'TZ.NJ.MA'),
(611, '', 'Ikuza', 'TZ.KG.MU'),
(612, '', 'Ikweha', 'TZ.IG.MU'),
(613, '', 'Ikwiriri', 'TZ.PW.RU'),
(614, '', 'Ilagala', 'TZ.KM.UV'),
(615, '', 'Busoka', 'TZ.SY.KA'),
(616, '', 'Ilalambogo', 'TZ.MZ.MI'),
(617, '', 'Ilangala', 'TZ.MZ.UK'),
(618, '', 'Ilela', 'TZ.KA.ML'),
(619, '', 'Ilemba', 'TZ.RU.SR'),
(620, '', 'Ilembo', 'TZ.MB.MU'),
(621, '', 'Nyahanga', 'TZ.SY.KA'),
(622, '', 'Ilembula', 'TZ.NJ.WA'),
(623, '', 'Ilemela', 'TZ.MZ.IL'),
(624, '', 'Ilemela', 'TZ.GE.CH'),
(625, '', 'Ilemi', 'TZ.MB.MR'),
(626, '', 'Ilima', 'TZ.MB.RU'),
(627, '', 'Ilindi', 'TZ.DO.BA'),
(628, '', 'Ilkiding''a', 'TZ.AS.AM'),
(629, '', 'Ilola', 'TZ.SY.SR'),
(630, '', 'Ilolangulu', 'TZ.GE.MB'),
(631, '', 'Ilolanguru', 'TZ.TB.UY'),
(632, '', 'Ilolo Mpya', 'TZ.IG.ID'),
(633, '', 'Ilomba', 'TZ.MB.MR'),
(634, '', 'Ilonga', 'TZ.MO.UL'),
(635, '', 'Ilongero', 'TZ.SD.SI'),
(636, '', 'Ilorienito', 'TZ.AS.LO'),
(637, '', 'Ilujamate', 'TZ.MZ.MI'),
(638, '', 'Ilula', 'TZ.IG.KI'),
(639, '', 'Ilula', 'TZ.MZ.KW'),
(640, '', 'Ilunda', 'TZ.SD.MK'),
(641, '', 'Ilunde', 'TZ.KA.ML'),
(642, '', 'Ilungu', 'TZ.MB.MU'),
(643, '', 'Ilyamchele', 'TZ.GE.CH'),
(644, '', 'Image', 'TZ.IG.KI'),
(645, '', 'Wendele', 'TZ.SY.KA'),
(646, '', 'Imalaseko', 'TZ.SI.ME'),
(647, '', 'Imalilosongwe', 'TZ.MB.MB'),
(648, '', 'Imalinyi', 'TZ.NJ.WA'),
(649, '', 'Imboru', 'TZ.MY.MT'),
(650, '', 'Imesela', 'TZ.SY.SR'),
(651, '', 'Iniho', 'TZ.NJ.MA'),
(652, '', 'Inyala', 'TZ.MB.MU'),
(653, '', 'Inyonga', 'TZ.KA.ML'),
(654, '', 'Gwamumpu', 'TZ.KM.KK'),
(655, '', 'Ipala', 'TZ.DO.DO'),
(656, '', 'Ipande', 'TZ.MB.KY'),
(657, '', 'Kasunga', 'TZ.KM.KK'),
(658, '', 'Iparamasa', 'TZ.GE.CH'),
(659, '', 'Ipelele', 'TZ.NJ.MA'),
(660, '', 'Ipembe', 'TZ.SD.SU'),
(661, '', 'Ipepo', 'TZ.NJ.MA'),
(662, '', 'Ipera', 'TZ.DO.MP'),
(663, '', 'Ipililo', 'TZ.SI.MA'),
(664, '', 'Ipinda', 'TZ.MB.KY'),
(665, '', 'Ipole', 'TZ.TB.SI'),
(666, '', 'Iponya', 'TZ.GE.MB'),
(667, '', 'Ipuli', 'TZ.TB.TA'),
(668, '', 'Katanga', 'TZ.KM.KK'),
(669, '', 'Ipwani', 'TZ.MB.MB'),
(670, '', 'Iragua', 'TZ.MO.UL'),
(671, '', 'Iramba', 'TZ.MA.BU'),
(672, '', 'Irenza', 'TZ.MZ.SE'),
(673, '', 'Mabwekenya', 'TZ.RU.KA'),
(674, '', 'Irisya', 'TZ.SD.ID'),
(675, '', 'Irole', 'TZ.IG.KI'),
(676, '', 'Irugwa', 'TZ.MZ.UK'),
(677, '', 'Isagehe', 'TZ.SY.KA'),
(678, '', 'Ukumbi Siganga', 'TZ.TB.KA'),
(679, '', 'Isaka', 'TZ.SY.MS'),
(680, '', 'Isakalilo', 'TZ.IG.IM'),
(681, '', 'Isakamaliwa', 'TZ.TB.IG'),
(682, '', 'Ihanda', 'TZ.KG.KA'),
(683, '', 'Isale', 'TZ.RU.NK'),
(684, '', 'Ndama', 'TZ.KG.KA'),
(685, '', 'Bandamaji', 'TZ.ZN.NA'),
(686, '', 'Isanga', 'TZ.MB.MR'),
(687, '', 'Isanga', 'TZ.SI.MA'),
(688, '', 'Isanga', 'TZ.SI.MA'),
(689, '', 'Isange', 'TZ.MB.BU'),
(690, '', 'Bwereu', 'TZ.ZN.NA'),
(691, '', 'Isanzu', 'TZ.TB.NZ'),
(692, '', 'Isapulano', 'TZ.NJ.MA'),
(693, '', 'Chaani Kubwa', 'TZ.ZN.NA'),
(694, '', 'Iseke', 'TZ.SD.ID'),
(695, '', 'Iselamagazi', 'TZ.SY.SR'),
(696, '', 'Iseni', 'TZ.MZ.KW'),
(697, '', 'Isesa', 'TZ.MZ.MI'),
(698, '', 'Isevya', 'TZ.TB.TA'),
(699, '', 'Chaani Masingini', 'TZ.ZN.NA'),
(700, '', 'Chutama', 'TZ.ZN.NA'),
(701, '', 'Isikizya', 'TZ.TB.UY'),
(702, '', 'Isingiro', 'TZ.KG.KY'),
(703, '', 'Isongo', 'TZ.MO.UL'),
(704, '', 'Isongole', 'TZ.MB.RU'),
(705, '', 'Isongole', 'TZ.MB.RU'),
(706, '', 'Isseke', 'TZ.SD.MA'),
(707, '', 'Issenye', 'TZ.MA.SE'),
(708, '', 'Issuna', 'TZ.SD.ID'),
(709, '', 'Fukuchani', 'TZ.ZN.NA'),
(710, '', 'Isuto', 'TZ.MB.MU'),
(711, '', 'Isyesye', 'TZ.MB.MR'),
(712, '', 'Itaba', 'TZ.KM.KI'),
(713, '', 'Itagano', 'TZ.MB.MR'),
(714, '', 'Itaja', 'TZ.SD.SI'),
(715, '', 'Gamba', 'TZ.ZN.NA'),
(716, '', 'Jongowe', 'TZ.ZN.NA'),
(717, '', 'Kandwi', 'TZ.ZN.NA'),
(718, '', 'Itandula', 'TZ.IG.MU'),
(719, '', 'Itaswi', 'TZ.DO.KD'),
(720, '', 'Itawa', 'TZ.MB.MU'),
(721, '', 'Itebula', 'TZ.KM.UV'),
(722, '', 'Itende', 'TZ.MB.MR'),
(723, '', 'Itenka', 'TZ.KA.NS'),
(724, '', 'Itete', 'TZ.MO.MA'),
(725, '', 'Itete', 'TZ.MB.BU'),
(726, '', 'Itetemia', 'TZ.TB.TA'),
(727, '', 'Itewe', 'TZ.MB.CH'),
(728, '', 'Itewe', 'TZ.MB.CH'),
(729, '', 'Itezi', 'TZ.MB.MR'),
(730, '', 'Itigi Majengo', 'TZ.SD.IT'),
(731, '', 'Itigi Mjini', 'TZ.SD.IT'),
(732, '', 'Kibeni', 'TZ.ZN.NA'),
(733, '', 'Itilima', 'TZ.SY.KI'),
(734, '', 'Kidombo', 'TZ.ZN.NA'),
(735, '', 'Itinje', 'TZ.SI.ME'),
(736, '', 'Kidoti', 'TZ.ZN.NA'),
(737, '', 'Itiso', 'TZ.DO.CW'),
(738, '', 'Itobo', 'TZ.TB.NZ'),
(739, '', 'Itololo', 'TZ.DO.KD'),
(740, '', 'Itonjanda', 'TZ.TB.TA'),
(741, '', 'Itope', 'TZ.MB.KY'),
(742, '', 'Kigomani', 'TZ.ZN.NA'),
(743, '', 'Kigunda', 'TZ.ZN.NA'),
(744, '', 'Itundu', 'TZ.NJ.MA'),
(745, '', 'Itunduru', 'TZ.TB.IG'),
(746, '', 'Itunundu', 'TZ.IG.ID'),
(747, '', 'Itwangi', 'TZ.SY.SR'),
(748, '', 'Kijini', 'TZ.ZN.NA'),
(749, '', 'Kikobweni', 'TZ.ZN.NA'),
(750, '', 'Iwambi', 'TZ.MB.MR'),
(751, '', 'Iwawa', 'TZ.NJ.MA'),
(752, '', 'Kilimani', 'TZ.ZN.NA'),
(753, '', 'Iwiji', 'TZ.MB.MU'),
(754, '', 'Iwindi', 'TZ.MB.MU'),
(755, '', 'Iwondo', 'TZ.DO.MP'),
(756, '', 'Iwungilo', 'TZ.NJ.NT'),
(757, '', 'Iyela', 'TZ.MB.MR'),
(758, '', 'Iyenze', 'TZ.SY.KA'),
(759, '', 'Iyogelo', 'TZ.GE.BU'),
(760, '', 'Iyogwe', 'TZ.MO.GA'),
(761, '', 'Kilindi', 'TZ.ZN.NA'),
(762, '', 'Iyumbu', 'TZ.DO.DO'),
(763, '', 'Iyumbu', 'TZ.SD.ID'),
(764, '', 'Iyunga', 'TZ.MB.MR'),
(765, '', 'Iyunga Mapinduzi', 'TZ.MB.MU'),
(766, '', 'Izazi', 'TZ.IG.ID'),
(767, '', 'Izia', 'TZ.RU.SU'),
(768, '', 'Izigo', 'TZ.KG.MU'),
(769, '', 'Izimbya', 'TZ.KG.BD'),
(770, '', 'Iziwa', 'TZ.MB.MR'),
(771, '', 'Kinyasini', 'TZ.ZN.NA'),
(772, '', 'Kisongoni', 'TZ.ZN.NA'),
(773, '', 'Jaila', 'TZ.TN.KI'),
(774, '', 'Jakika', 'TZ.RV.TU'),
(775, '', 'Kivunge', 'TZ.ZN.NA'),
(776, '', 'Matemwe', 'TZ.ZN.NA'),
(777, '', 'Jamhuri', 'TZ.LI.LM'),
(778, '', 'Jana', 'TZ.SY.MS'),
(779, '', 'Janda', 'TZ.KM.BU'),
(780, '', 'Janga', 'TZ.PW.KB'),
(781, '', 'Mcheza Shauri', 'TZ.ZN.NA'),
(782, '', 'Mkokotoni', 'TZ.ZN.NA'),
(783, '', 'Jangwani', 'TZ.MT.MU'),
(784, '', 'Mkwajuni', 'TZ.ZN.NA'),
(785, '', 'Jibondo', 'TZ.PW.MA'),
(786, '', 'Moga', 'TZ.ZN.NA'),
(787, '', 'Jinjimili', 'TZ.MZ.MA'),
(788, '', 'Jipe', 'TZ.KL.MW'),
(789, '', 'Mto wa Pwani', 'TZ.ZN.NA'),
(790, '', 'Muwange', 'TZ.ZN.NA'),
(791, '', 'Nungwi', 'TZ.ZN.NA'),
(792, '', 'Kaagya', 'TZ.KG.BD'),
(793, '', 'Kabanga', 'TZ.KG.NG'),
(794, '', 'Kabasa', 'TZ.MA.BT'),
(795, '', 'Kabila', 'TZ.TB.TA'),
(796, '', 'Kabindi', 'TZ.KG.BI'),
(797, '', 'Kabirizi', 'TZ.KG.MU'),
(798, '', 'Kabita', 'TZ.SI.BU'),
(799, '', 'Kabuku', 'TZ.TN.HA'),
(800, '', 'Kabuku ndani', 'TZ.TN.HA'),
(801, '', 'Kabula', 'TZ.MB.BU'),
(802, '', 'Kabungu', 'TZ.KA.MD'),
(803, '', 'Kabwe', 'TZ.RU.NK'),
(804, '', 'Kachwamba', 'TZ.GE.CH'),
(805, '', 'Kadoto', 'TZ.SI.MA'),
(806, '', 'Kaengesa', 'TZ.RU.SR'),
(807, '', 'Kafita', 'TZ.GE.NY'),
(808, '', 'Pale', 'TZ.ZN.NA'),
(809, '', 'Kafunzo', 'TZ.MZ.BU'),
(810, '', 'Kagera', 'TZ.KM.KM'),
(811, '', 'Kagera', 'TZ.MZ.UK'),
(812, '', 'Kagerankanda', 'TZ.KM.KA'),
(813, '', 'Kagoma', 'TZ.KG.MU'),
(814, '', 'Pitanazako', 'TZ.ZN.NA'),
(815, '', 'Kagongo', 'TZ.KM.KD'),
(816, '', 'Kagongwa', 'TZ.SY.KA'),
(817, '', 'Kagu', 'TZ.GE.GD'),
(818, '', 'Kagunga', 'TZ.KM.KD'),
(819, '', 'Kagunga', 'TZ.MZ.SE'),
(820, '', 'Kagunguli', 'TZ.MZ.UK'),
(821, '', 'Kahama Mjini', 'TZ.SY.KA'),
(822, '', 'Potowa', 'TZ.ZN.NA'),
(823, '', 'Kahangara', 'TZ.MZ.MA'),
(824, '', 'Kahe', 'TZ.KL.MD'),
(825, '', 'Kahe Mashariki', 'TZ.KL.MD'),
(826, '', 'Kahororo', 'TZ.KG.BM'),
(827, '', 'Kaibanja', 'TZ.KG.BD'),
(828, '', 'Kainam', 'TZ.MY.MT'),
(829, '', 'Kaisho', 'TZ.KG.KY'),
(830, '', 'Kajana', 'TZ.KM.BU'),
(831, '', 'Pwani Mchangani', 'TZ.ZN.NA'),
(832, '', 'Kajunjumele', 'TZ.MB.KY'),
(833, '', 'Tazari', 'TZ.ZN.NA'),
(834, '', 'Tumbatu Gomani', 'TZ.ZN.NA'),
(835, '', 'Kakesio', 'TZ.AS.NG'),
(836, '', 'Kakola', 'TZ.TB.TA'),
(837, '', 'Kakonko', 'TZ.KM.KK'),
(838, '', 'Kakubilo', 'TZ.GE.GD'),
(839, '', 'Uvivini', 'TZ.ZN.NA'),
(840, '', 'Donge  Mchangani', 'TZ.ZN.NB'),
(841, '', 'Kala', 'TZ.RU.NK'),
(842, '', 'Kalamba', 'TZ.DO.KD'),
(843, '', 'Kalambanzite', 'TZ.RU.SR'),
(844, '', 'Kalangalala', 'TZ.GE.GT'),
(845, '', 'Kalebezo', 'TZ.MZ.BU'),
(846, '', 'Kalemawe', 'TZ.KL.SA'),
(847, '', 'Donge Karange', 'TZ.ZN.NB'),
(848, '', 'Kalemela', 'TZ.SI.BU'),
(849, '', 'Kalenga', 'TZ.IG.ID'),
(850, '', 'Kalenge', 'TZ.KG.BI'),
(851, '', 'Kalinzi', 'TZ.KM.KD'),
(852, '', 'Kaliua', 'TZ.TB.KA'),
(853, '', 'Kalobe', 'TZ.MB.MR'),
(854, '', 'Donge Kipange', 'TZ.ZN.NB'),
(855, '', 'Kaloleni', 'TZ.AS.AS'),
(856, '', 'Kaloleni', 'TZ.KL.MM'),
(857, '', 'Kalulu', 'TZ.RV.TU'),
(858, '', 'Kalunde', 'TZ.TB.TA'),
(859, '', 'Kalya', 'TZ.KM.UV'),
(860, '', 'Donge Mbiji', 'TZ.ZN.NB'),
(861, '', 'Kamachumu', 'TZ.KG.MU'),
(862, '', 'Kambarage', 'TZ.RV.MB'),
(863, '', 'Kambarage', 'TZ.SY.SU'),
(864, '', 'Kambasegela', 'TZ.MB.BU'),
(865, '', 'Kambikatoto', 'TZ.MB.CH'),
(866, '', 'Donge Mtambile', 'TZ.ZN.NB'),
(867, '', 'Kamena', 'TZ.GE.GD'),
(868, '', 'Kamhanga', 'TZ.GE.GD'),
(869, '', 'Donge Vijibweni', 'TZ.ZN.NB'),
(870, '', 'Kamsekwa', 'TZ.TB.KA'),
(871, '', 'Kamuli', 'TZ.KG.KY'),
(872, '', 'Kamwanga', 'TZ.AS.LO'),
(873, '', 'Kanazi', 'TZ.KG.NG'),
(874, '', 'Kandaga', 'TZ.KM.UV'),
(875, '', 'Kandawale', 'TZ.LI.KI'),
(876, '', 'Kandete', 'TZ.MB.BU'),
(877, '', 'Fujoni', 'TZ.ZN.NB'),
(878, '', 'Kanga', 'TZ.MO.MV'),
(879, '', 'Kanga', 'TZ.PW.MA'),
(880, '', 'Kidanzini', 'TZ.ZN.NB'),
(881, '', 'Kilombero', 'TZ.ZN.NB'),
(882, '', 'Kang''ata', 'TZ.TN.HA'),
(883, '', 'Kaniha', 'TZ.KG.BI'),
(884, '', 'Kanindo', 'TZ.TB.KA'),
(885, '', 'Kanoge', 'TZ.TB.KA'),
(886, '', 'Kanoni', 'TZ.KG.KA'),
(887, '', 'Kansay', 'TZ.AS.KA'),
(888, '', 'Kanyangereko', 'TZ.KG.BD'),
(889, '', 'Kanyelele', 'TZ.MZ.MI'),
(890, '', 'Kanyenye', 'TZ.TB.TA'),
(891, '', 'Kinduni', 'TZ.ZN.NB'),
(892, '', 'Kaoze', 'TZ.RU.SR'),
(893, '', 'Kiomba Mvua', 'TZ.ZN.NB'),
(894, '', 'Kitope', 'TZ.ZN.NB'),
(895, '', 'Kapalamsenga', 'TZ.KA.MD'),
(896, '', 'Kiwengwa', 'TZ.ZN.NB'),
(897, '', 'Mafufuni', 'TZ.ZN.NB'),
(898, '', 'Karabagaine', 'TZ.KG.BD'),
(899, '', 'Mahonda', 'TZ.ZN.NB'),
(900, '', 'Karambi', 'TZ.KG.MU'),
(901, '', 'Karanga', 'TZ.KL.MM'),
(902, '', 'Karansi', 'TZ.KL.SI'),
(903, '', 'Karatu', 'TZ.AS.KA'),
(904, '', 'Karema', 'TZ.KA.MD'),
(905, '', 'Makoba', 'TZ.ZN.NB'),
(906, '', 'Karitu', 'TZ.TB.NZ'),
(907, '', 'Kasamwa', 'TZ.GE.GT'),
(908, '', 'Kasanda', 'TZ.KM.KK'),
(909, '', 'Kasanga', 'TZ.MO.MU'),
(910, '', 'Kasanga', 'TZ.IG.MU'),
(911, '', 'Kasanga', 'TZ.RU.KA'),
(912, '', 'Kasansa', 'TZ.KA.ML'),
(913, '', 'Kasela', 'TZ.TB.NZ'),
(914, '', 'Kaselya', 'TZ.SD.IR'),
(915, '', 'Kaseme', 'TZ.GE.GD'),
(916, '', 'Kasenga', 'TZ.GE.CH'),
(917, '', 'Kasense', 'TZ.RU.SU'),
(918, '', 'Kasenyi', 'TZ.MZ.SE'),
(919, '', 'Kashai', 'TZ.KG.BM'),
(920, '', 'Kasharu', 'TZ.KG.BD'),
(921, '', 'Kasharunga', 'TZ.KG.MU'),
(922, '', 'Kashasha', 'TZ.KG.MU'),
(923, '', 'Mangapwani', 'TZ.ZN.NB'),
(924, '', 'Matetema', 'TZ.ZN.NB'),
(925, '', 'Mbaleni', 'TZ.ZN.NB'),
(926, '', 'Kashishi', 'TZ.TB.KA'),
(927, '', 'Kashishi', 'TZ.SY.MS'),
(928, '', 'Kasiki', 'TZ.MO.KS'),
(929, '', 'Kasimbu', 'TZ.KM.KM'),
(930, '', 'Kasingirima', 'TZ.KM.KM'),
(931, '', 'Kasisi', 'TZ.TB.UR'),
(932, '', 'Kasokola', 'TZ.KA.NS'),
(933, '', 'Kasoli', 'TZ.SI.BD'),
(934, '', 'Kasololo', 'TZ.MZ.MI'),
(935, '', 'Mgambo', 'TZ.ZN.NB'),
(936, '', 'Kasuguti', 'TZ.MA.BU'),
(937, '', 'Kasulo', 'TZ.KG.NG'),
(938, '', 'Kasulu Mjini', 'TZ.KM.KT'),
(939, '', 'Misufini', 'TZ.ZN.NB'),
(940, '', 'Kasungamile', 'TZ.MZ.SE'),
(941, '', 'Katandala', 'TZ.RU.SU'),
(942, '', 'Mkadini', 'TZ.ZN.NB'),
(943, '', 'Katangara Mrere', 'TZ.KL.RO'),
(944, '', 'Katazi', 'TZ.RU.KA'),
(945, '', 'Kate', 'TZ.RU.NK'),
(946, '', 'Katende', 'TZ.GE.CH'),
(947, '', 'Mkataleni', 'TZ.ZN.NB'),
(948, '', 'Katesh', 'TZ.MY.HA'),
(949, '', 'Katete', 'TZ.RU.KA'),
(950, '', 'Kati', 'TZ.AS.AS'),
(951, '', 'Katoke', 'TZ.KG.MU'),
(952, '', 'Katoma', 'TZ.KG.BD'),
(953, '', 'Katoma', 'TZ.GE.GD'),
(954, '', 'Katoro', 'TZ.KG.BD'),
(955, '', 'Katoro', 'TZ.GE.GD'),
(956, '', 'Katubuka', 'TZ.KM.KM'),
(957, '', 'Katuma', 'TZ.KA.MD'),
(958, '', 'Mnyimbi', 'TZ.ZN.NB'),
(959, '', 'Katunguru', 'TZ.MZ.SE'),
(960, '', 'Katwe', 'TZ.MZ.BU'),
(961, '', 'Muwanda', 'TZ.ZN.NB'),
(962, '', 'Njia ya Mtoni', 'TZ.ZN.NB'),
(963, '', 'Kawetele', 'TZ.MB.RU'),
(964, '', 'Kayanga', 'TZ.KG.KA'),
(965, '', 'Kazaroho', 'TZ.TB.KA'),
(966, '', 'Kazunzu', 'TZ.MZ.BU'),
(967, '', 'Kazuramimba', 'TZ.KM.UV'),
(968, '', 'Kebanchabancha', 'TZ.MA.SE'),
(969, '', 'Pangeni', 'TZ.ZN.NB'),
(970, '', 'Kelamfua Mokala', 'TZ.KL.RO'),
(971, '', 'Kemambo', 'TZ.MA.TA'),
(972, '', 'Kemondo', 'TZ.KG.BD'),
(973, '', 'Keni Mengeni', 'TZ.KL.RO'),
(974, '', 'Kentare', 'TZ.MA.TT'),
(975, '', 'Kenyamonta', 'TZ.MA.SE'),
(976, '', 'Kerebe', 'TZ.KG.MU'),
(977, '', 'Kerege', 'TZ.PW.BA'),
(978, '', 'Kerenge', 'TZ.TN.KO'),
(979, '', 'Ketare', 'TZ.MA.BU'),
(980, '', 'Keza', 'TZ.KG.NG'),
(981, '', 'Kharumwa', 'TZ.GE.NY'),
(982, '', 'KIA', 'TZ.KL.HA'),
(983, '', 'Upenja', 'TZ.ZN.NB'),
(984, '', 'Kiangara', 'TZ.LI.LI'),
(985, '', 'Zingwe Zingwe', 'TZ.ZN.NB'),
(986, '', 'Kibaha', 'TZ.PW.KT'),
(987, '', 'Kibaigwa', 'TZ.DO.KG'),
(988, '', 'Kibakwe', 'TZ.DO.MP'),
(989, '', 'Kibale', 'TZ.KG.KY'),
(990, '', 'Kibande', 'TZ.KM.BU'),
(991, '', 'Kibanga', 'TZ.KG.MU'),
(992, '', 'Kibaoni', 'TZ.MO.IF'),
(993, '', 'Kibaoni', 'TZ.KA.ML'),
(994, '', 'Kibara', 'TZ.MA.BU'),
(995, '', 'Kibasuka', 'TZ.MA.TA'),
(996, '', 'Kibata', 'TZ.LI.KI'),
(997, '', 'Kibati', 'TZ.MO.MV'),
(998, '', 'Kibaya', 'TZ.MY.KI'),
(999, '', 'Kibedya', 'TZ.MO.GA'),
(1000, '', 'Kibengu', 'TZ.IG.MU'),
(1001, '', 'Bambi', 'TZ.ZS.CE'),
(1002, '', 'Kiberege', 'TZ.MO.KM'),
(1003, '', 'Binguni', 'TZ.ZS.CE'),
(1004, '', 'Kibimba', 'TZ.KG.NG'),
(1005, '', 'Kibindu', 'TZ.PW.CH'),
(1006, '', 'Kibingo', 'TZ.KG.KY'),
(1007, '', 'Kibirashi', 'TZ.TN.KI'),
(1008, '', 'Kibirizi', 'TZ.KM.KM'),
(1009, '', 'Kibirizi', 'TZ.KG.BD'),
(1010, '', 'Kibiti', 'TZ.PW.KD'),
(1011, '', 'Kibogwa', 'TZ.MO.MU'),
(1012, '', 'Bungi', 'TZ.ZS.CE'),
(1013, '', 'Charawe', 'TZ.ZS.CE'),
(1014, '', 'Kibondo', 'TZ.KM.KI'),
(1015, '', 'Kibondo', 'TZ.KG.KA'),
(1016, '', 'Kiboriloni', 'TZ.KL.MM'),
(1017, '', 'Kibosho Kati', 'TZ.KL.MD'),
(1018, '', 'Kibosho Magharibi', 'TZ.KL.MD'),
(1019, '', 'Kibosho Mashariki', 'TZ.KL.MD'),
(1020, '', 'Kibungo Juu', 'TZ.MO.MU'),
(1021, '', 'Cheju', 'TZ.ZS.CE'),
(1022, '', 'Kibuta', 'TZ.PW.KS'),
(1023, '', 'Chwaka', 'TZ.ZS.CE'),
(1024, '', 'Kibutuka', 'TZ.LI.LI'),
(1025, '', 'Dunga Bweni', 'TZ.ZS.CE'),
(1026, '', 'Kichangani', 'TZ.MO.UL'),
(1027, '', 'Kichangani', 'TZ.MO.UL'),
(1028, '', 'Kicheba', 'TZ.TN.MU'),
(1029, '', 'Kichiwa', 'TZ.NJ.NJ'),
(1030, '', 'Kichonda', 'TZ.LI.LI'),
(1031, '', 'Dunga Kiembeni', 'TZ.ZS.CE'),
(1032, '', 'Kidaru', 'TZ.SD.IR'),
(1033, '', 'Kidatu', 'TZ.MO.KM'),
(1034, '', 'Kidegembye', 'TZ.NJ.NJ'),
(1035, '', 'Kideleko', 'TZ.TN.HT'),
(1036, '', 'Ghana', 'TZ.ZS.CE'),
(1037, '', 'Kidodi', 'TZ.MO.KS'),
(1038, '', 'Kidodoma', 'TZ.RV.TU'),
(1039, '', 'Jendele', 'TZ.ZS.CE'),
(1040, '', 'Jumbi', 'TZ.ZS.CE'),
(1041, '', 'Kiboje Mkwajuni', 'TZ.ZS.CE'),
(1042, '', 'Kidugala', 'TZ.NJ.WA'),
(1043, '', 'Kidugalo', 'TZ.MO.MU'),
(1044, '', 'Kiegeani', 'TZ.PW.MA'),
(1045, '', 'Kiegei', 'TZ.LI.NA'),
(1046, '', 'Kiboje Muembeshauri', 'TZ.ZS.CE'),
(1047, '', 'Kifanya', 'TZ.NJ.NT'),
(1048, '', 'Kifula', 'TZ.KL.MW'),
(1049, '', 'Kidimni', 'TZ.ZS.CE'),
(1050, '', 'Kigala', 'TZ.NJ.MA'),
(1051, '', 'Kikungwi', 'TZ.ZS.CE'),
(1052, '', 'Kigembe', 'TZ.KM.KA'),
(1053, '', 'Kighare', 'TZ.KL.MW'),
(1054, '', 'Koani', 'TZ.ZS.CE'),
(1055, '', 'Kigoma', 'TZ.KM.KM'),
(1056, '', 'Machui', 'TZ.ZS.CE'),
(1057, '', 'Kigombe', 'TZ.TN.MU'),
(1058, '', 'Kigondo', 'TZ.KM.KT'),
(1059, '', 'Kigongo', 'TZ.GE.CH'),
(1060, '', 'Kigongoi', 'TZ.TN.MK'),
(1061, '', 'Marumbi', 'TZ.ZS.CE'),
(1062, '', 'Kigonsera', 'TZ.RV.MB'),
(1063, '', 'Kigulu', 'TZ.NJ.MA'),
(1064, '', 'Mchangani', 'TZ.ZS.CE'),
(1065, '', 'Kigunga', 'TZ.MA.RO'),
(1066, '', 'Kigwa', 'TZ.TB.UY'),
(1067, '', 'Kigwe', 'TZ.DO.BA'),
(1068, '', 'Kihagara', 'TZ.RV.NY'),
(1069, '', 'Kihanga', 'TZ.KG.KA'),
(1070, '', 'Kihangi Mahuka', 'TZ.RV.MB'),
(1071, '', 'Kihesa', 'TZ.IG.IM'),
(1072, '', 'Mgeni Haji', 'TZ.ZS.CE'),
(1073, '', 'Kihonda', 'TZ.MO.MR'),
(1074, '', 'Kihorogota', 'TZ.IG.ID'),
(1075, '', 'Kihungu', 'TZ.RV.MT'),
(1076, '', 'Kihurio', 'TZ.KL.SA'),
(1077, '', 'Michamvi', 'TZ.ZS.CE'),
(1078, '', 'Kijima', 'TZ.MZ.MI'),
(1079, '', 'Mitakawani', 'TZ.ZS.CE'),
(1080, '', 'Miwani', 'TZ.ZS.CE'),
(1081, '', 'Mpapa', 'TZ.ZS.CE'),
(1082, '', 'Kijombe', 'TZ.NJ.WA'),
(1083, '', 'Kijota', 'TZ.SD.SI'),
(1084, '', 'Kijungu', 'TZ.MY.KI'),
(1085, '', 'Kikatiti', 'TZ.AS.ME'),
(1086, '', 'Kikeo', 'TZ.MO.MV'),
(1087, '', 'Kikhonda', 'TZ.SD.MK'),
(1088, '', 'Kikilo', 'TZ.DO.KD'),
(1089, '', 'Kikio', 'TZ.SD.ID'),
(1090, '', 'Ndijani Mseweni', 'TZ.ZS.CE'),
(1091, '', 'Kikole', 'TZ.LI.KI'),
(1092, '', 'Ndijani Muembe Punda', 'TZ.ZS.CE'),
(1093, '', 'Kikolo', 'TZ.RV.MT'),
(1094, '', 'Kikombo', 'TZ.DO.DO'),
(1095, '', 'Kikomero', 'TZ.KG.BD'),
(1096, '', 'Kikongo', 'TZ.PW.KB'),
(1097, '', 'Kikore', 'TZ.DO.KD'),
(1098, '', 'Kikubiji', 'TZ.MZ.KW'),
(1099, '', 'Ng''ambwa', 'TZ.ZS.CE'),
(1100, '', 'Kikukuru', 'TZ.KG.KY'),
(1101, '', 'Kikunde', 'TZ.TN.KI'),
(1102, '', 'Pagali', 'TZ.ZS.CE'),
(1103, '', 'Kikuyu Kaskazini', 'TZ.DO.DO'),
(1104, '', 'Kikuyu Kusini', 'TZ.DO.DO'),
(1105, '', 'Pongwe', 'TZ.ZS.CE'),
(1106, '', 'Tindini', 'TZ.ZS.CE'),
(1107, '', 'Kikwe', 'TZ.AS.ME'),
(1108, '', 'Kilagano', 'TZ.RV.SR'),
(1109, '', 'Kilago', 'TZ.SY.KA'),
(1110, '', 'Kilakala', 'TZ.MO.MR'),
(1111, '', 'Tunduni', 'TZ.ZS.CE'),
(1112, '', 'Kilalo', 'TZ.SI.BD'),
(1113, '', 'Kilangala', 'TZ.LI.LD'),
(1114, '', 'Kilangalanga', 'TZ.PW.KB'),
(1115, '', 'Kilangali', 'TZ.MO.KS'),
(1116, '', 'Kilelema', 'TZ.KM.BU'),
(1117, '', 'Kilema Kaskazini', 'TZ.KL.MD'),
(1118, '', 'Kilema Kati', 'TZ.KL.MD'),
(1119, '', 'Kilema Kusini', 'TZ.KL.MD'),
(1120, '', 'Kileo', 'TZ.KL.MW'),
(1121, '', 'Kilesha', 'TZ.RU.KA'),
(1122, '', 'Tunguu', 'TZ.ZS.CE'),
(1123, '', 'Ubago', 'TZ.ZS.CE'),
(1124, '', 'Ukongoroni', 'TZ.ZS.CE'),
(1125, '', 'Kilimani', 'TZ.DO.KD'),
(1126, '', 'Kilimani', 'TZ.DO.KD'),
(1127, '', 'Kilimani', 'TZ.RV.MT'),
(1128, '', 'Umbuji', 'TZ.ZS.CE'),
(1129, '', 'Unguja Ukuu Kaebona', 'TZ.ZS.CE'),
(1130, '', 'Unguja Ukuu Kaepwani', 'TZ.ZS.CE'),
(1131, '', 'Kilimanjaro', 'TZ.KL.MM'),
(1132, '', 'Uroa', 'TZ.ZS.CE'),
(1133, '', 'Kilindi', 'TZ.TN.KI'),
(1134, '', 'Uzi', 'TZ.ZS.CE'),
(1135, '', 'Kilindoni', 'TZ.PW.MA'),
(1136, '', 'Kilolambwani', 'TZ.LI.LD'),
(1137, '', 'Kilole', 'TZ.TN.KT'),
(1138, '', 'Kilole', 'TZ.TN.KT'),
(1139, '', 'Kiloleli', 'TZ.SY.KI'),
(1140, '', 'Kiloleli', 'TZ.SI.BU'),
(1141, '', 'Kiloleni', 'TZ.TB.UR'),
(1142, '', 'Kiloleni', 'TZ.TB.UR'),
(1143, '', 'Kiloli', 'TZ.TB.SI'),
(1144, '', 'Uzini', 'TZ.ZS.CE'),
(1145, '', 'Kilomeni', 'TZ.KL.MW'),
(1146, '', 'Kilondo', 'TZ.NJ.LU'),
(1147, '', 'Kilosa', 'TZ.RV.NY'),
(1148, '', 'Kilosa kwa Mpepo', 'TZ.MO.MA'),
(1149, '', 'Kilulu', 'TZ.TN.MU'),
(1150, '', 'Kiluvya', 'TZ.PW.KS'),
(1151, '', 'Kilwa', 'TZ.TN.KI'),
(1152, '', 'Kimagai', 'TZ.DO.MP'),
(1153, '', 'Kimaha', 'TZ.DO.CB'),
(1154, '', 'Kimala', 'TZ.IG.KI'),
(1155, '', 'Kimali', 'TZ.SI.ME'),
(1156, '', 'Mailimoja', 'TZ.PW.KT'),
(1157, '', 'Bunyambo', 'TZ.KM.KI'),
(1158, '', 'Kimambi', 'TZ.LI.LI'),
(1159, '', 'Kimandolu', 'TZ.AS.AS'),
(1160, '', 'Masagalu', 'TZ.TN.KI'),
(1161, '', 'Kimang''a', 'TZ.TN.PA'),
(1162, '', 'Kimange', 'TZ.PW.CH'),
(1163, '', 'Kimanzichana', 'TZ.PW.MK'),
(1164, '', 'Kimamba '' B ''', 'TZ.MO.KS'),
(1165, '', 'Kimbe', 'TZ.TN.KI'),
(1166, '', 'Kimamba ''A''', 'TZ.MO.KS'),
(1167, '', 'Kimnyaki', 'TZ.AS.AM'),
(1168, '', 'Kimochi', 'TZ.KL.MD'),
(1169, '', 'Kimokouwa', 'TZ.AS.LO'),
(1170, '', 'Kimuli', 'TZ.KG.KY'),
(1171, '', 'Kimwani', 'TZ.KG.MU'),
(1172, '', 'Kinaga', 'TZ.SY.KA'),
(1173, '', 'Kinamapula', 'TZ.SY.US'),
(1174, '', 'Kinampanda', 'TZ.SD.IR'),
(1175, '', 'Kinang''weli', 'TZ.SI.IT'),
(1176, '', 'Madoto', 'TZ.MO.KS'),
(1177, '', 'Kindi', 'TZ.KL.MD'),
(1178, '', 'Maguha', 'TZ.MO.KS'),
(1179, '', 'Kingale', 'TZ.DO.KD'),
(1180, '', 'Kingerikiti', 'TZ.RV.NY'),
(1181, '', 'Kingiti', 'TZ.DO.MP'),
(1182, '', 'Kingo', 'TZ.MO.MR'),
(1183, '', 'Kingolwira', 'TZ.MO.MR'),
(1184, '', 'King''ori', 'TZ.AS.ME'),
(1185, '', 'Uleling''ombe', 'TZ.MO.KS'),
(1186, '', 'Kinjumbi', 'TZ.LI.KI'),
(1187, '', 'Kirnjernje', 'TZ.LI.KI'),
(1188, '', 'Pande', 'TZ.LI.KI'),
(1189, '', 'Kintinku', 'TZ.SD.MA'),
(1190, '', 'Kinungu', 'TZ.TB.IG'),
(1191, '', 'Bunju', 'TZ.DS.KI'),
(1192, '', 'Kinyagigi', 'TZ.SD.SI'),
(1193, '', 'Kinyala', 'TZ.MB.RU'),
(1194, '', 'Kinyanambo', 'TZ.IG.MA'),
(1195, '', 'Kinyangiri', 'TZ.SD.MK'),
(1196, '', 'Kinyasi', 'TZ.DO.KD'),
(1197, '', 'Goba', 'TZ.DS.KI'),
(1198, '', 'Hananasifu', 'TZ.DS.KI'),
(1199, '', 'Kawe', 'TZ.DS.KI'),
(1200, '', 'Kinyeto', 'TZ.SD.SI'),
(1201, '', 'Kibamba', 'TZ.DS.KI'),
(1202, '', 'Kigogo', 'TZ.DS.KI'),
(1203, '', 'Kiomboi', 'TZ.SD.IR'),
(1204, '', 'Kiomoni', 'TZ.TN.TA'),
(1205, '', 'Kijitonyama', 'TZ.DS.KI'),
(1206, '', 'Kiongoroni', 'TZ.PW.KD'),
(1207, '', 'Kiore', 'TZ.MA.TA'),
(1208, '', 'Kimara', 'TZ.DS.KI'),
(1209, '', 'Kipampa', 'TZ.KM.KM'),
(1210, '', 'Kipande', 'TZ.RU.NK'),
(1211, '', 'Kipanga', 'TZ.TB.SI'),
(1212, '', 'Kinondoni', 'TZ.DS.KI'),
(1213, '', 'Kipapa', 'TZ.RV.MB'),
(1214, '', 'Kunduchi', 'TZ.DS.KI'),
(1215, '', 'Kiparang''anda', 'TZ.PW.MK'),
(1216, '', 'Kipatimu', 'TZ.LI.KI'),
(1217, '', 'Kwembe', 'TZ.DS.KI'),
(1218, '', 'Kipengere', 'TZ.NJ.WA'),
(1219, '', 'Kipeta', 'TZ.RU.SR'),
(1220, '', 'Kipili', 'TZ.TB.SI'),
(1221, '', 'Kipili', 'TZ.RU.NK'),
(1222, '', 'Kipololo', 'TZ.RV.MB'),
(1223, '', 'Mabibo', 'TZ.DS.KI'),
(1224, '', 'Kipumbwi', 'TZ.TN.PA'),
(1225, '', 'Kirando', 'TZ.RU.NK'),
(1226, '', 'Kirangare', 'TZ.KL.SA'),
(1227, '', 'Kiranyi', 'TZ.AS.AM'),
(1228, '', 'Kirare', 'TZ.TN.TA'),
(1229, '', 'Kiriba', 'TZ.MA.MR'),
(1230, '', 'Kirima', 'TZ.KL.MD'),
(1231, '', 'Mabwepande', 'TZ.DS.KI'),
(1232, '', 'Kirogo', 'TZ.MA.RO'),
(1233, '', 'Kiroka', 'TZ.MO.MU'),
(1234, '', 'Kiromba', 'TZ.MT.NA'),
(1235, '', 'Kiromo', 'TZ.PW.BA'),
(1236, '', 'Kirongo Samanga', 'TZ.KL.RO'),
(1237, '', 'Kirongwe', 'TZ.KL.MW'),
(1238, '', 'Kirongwe', 'TZ.PW.MA'),
(1239, '', 'Kiru', 'TZ.MY.BA'),
(1240, '', 'KiruaVunjo Kusini', 'TZ.KL.MD'),
(1241, '', 'Magomeni', 'TZ.DS.KI'),
(1242, '', 'Makongo', 'TZ.DS.KI'),
(1243, '', 'Kirumba', 'TZ.MZ.IL'),
(1244, '', 'Kiruruma', 'TZ.KG.KA'),
(1245, '', 'Kirushya', 'TZ.KG.NG'),
(1246, '', 'Kirwa Keni', 'TZ.KL.RO'),
(1247, '', 'Kirya', 'TZ.KL.MW'),
(1248, '', 'Kisaka', 'TZ.MA.SE'),
(1249, '', 'Kisaki', 'TZ.MO.MU'),
(1250, '', 'Kisale Msaranga', 'TZ.KL.RO'),
(1251, '', 'Kisanga', 'TZ.MO.KS'),
(1252, '', 'Kisanga', 'TZ.TB.SI'),
(1253, '', 'Kisangasa', 'TZ.TN.KI'),
(1254, '', 'Kisangura', 'TZ.MA.SE'),
(1255, '', 'Kisarawe', 'TZ.PW.KS'),
(1256, '', 'Makuburi', 'TZ.DS.KI'),
(1257, '', 'Makumbusho', 'TZ.DS.KI'),
(1258, '', 'Kisawasawa', 'TZ.MO.KM'),
(1259, '', 'Kisegese', 'TZ.MB.BU'),
(1260, '', 'Kisemu', 'TZ.MO.MU'),
(1261, '', 'Kisesa', 'TZ.MZ.MA'),
(1262, '', 'Kisesa', 'TZ.SI.ME'),
(1263, '', 'Kisese', 'TZ.DO.KD'),
(1264, '', 'Kishanda', 'TZ.KG.MU'),
(1265, '', 'Kishanje', 'TZ.KG.BD'),
(1266, '', 'Kishapu', 'TZ.SY.KI'),
(1267, '', 'Kishinda', 'TZ.MZ.SE'),
(1268, '', 'Kishogo', 'TZ.KG.BD'),
(1269, '', 'Kisiba', 'TZ.MB.RU'),
(1270, '', 'Kisiju', 'TZ.PW.MK'),
(1271, '', 'Makurumla', 'TZ.DS.KI'),
(1272, '', 'Manzese', 'TZ.DS.KI'),
(1273, '', 'Kisiriri', 'TZ.SD.IR'),
(1274, '', 'Mbezi', 'TZ.DS.KI'),
(1275, '', 'Kisiwani', 'TZ.KL.SA'),
(1276, '', 'Kisiwani', 'TZ.TN.MU'),
(1277, '', 'Mbezi Juu', 'TZ.DS.KI'),
(1278, '', 'Kisondela', 'TZ.MB.RU'),
(1279, '', 'Kisongo', 'TZ.AS.AM'),
(1280, '', 'Mburahati', 'TZ.DS.KI'),
(1281, '', 'Kisorya', 'TZ.MA.BU'),
(1282, '', 'Kisuke', 'TZ.SY.US'),
(1283, '', 'Kisumba', 'TZ.RU.KA'),
(1284, '', 'Kisumwa', 'TZ.MA.RO'),
(1285, '', 'Mbweni', 'TZ.DS.KI'),
(1286, '', 'Mikocheni', 'TZ.DS.KI'),
(1287, '', 'Kitagata', 'TZ.KM.KA'),
(1288, '', 'Kitahana', 'TZ.KM.KI'),
(1289, '', 'Kitama', 'TZ.MT.TA'),
(1290, '', 'Kitanda', 'TZ.RV.MT'),
(1291, '', 'Kitanda', 'TZ.RV.MT'),
(1292, '', 'Kitandililo', 'TZ.NJ.MT'),
(1293, '', 'Kitanga', 'TZ.KM.KA'),
(1294, '', 'Kitangari', 'TZ.MT.NE'),
(1295, '', 'Kitangili', 'TZ.SY.SU'),
(1296, '', 'Kitangiri', 'TZ.MZ.IL'),
(1297, '', 'Kitanzini', 'TZ.IG.IM'),
(1298, '', 'Kitaraka', 'TZ.SD.IT'),
(1299, '', 'Kitaya', 'TZ.MT.NA'),
(1300, '', 'Kitembe', 'TZ.MA.RO'),
(1301, '', 'Kitendaguro', 'TZ.KG.BM'),
(1302, '', 'Kitere', 'TZ.MT.MR'),
(1303, '', 'Kitete', 'TZ.MO.KS'),
(1304, '', 'Kitete', 'TZ.TB.TA'),
(1305, '', 'Kitirima Kingachi', 'TZ.KL.RO'),
(1306, '', 'Msasani', 'TZ.DS.KI'),
(1307, '', 'Msigani', 'TZ.DS.KI'),
(1308, '', 'Kitomanga', 'TZ.LI.LD'),
(1309, '', 'Kitomondo', 'TZ.PW.MK'),
(1310, '', 'Mwananyamala', 'TZ.DS.KI'),
(1311, '', 'Kitongoni', 'TZ.KM.KM'),
(1312, '', 'Mzimuni', 'TZ.DS.KI'),
(1313, '', 'Kitulo', 'TZ.NJ.MA'),
(1314, '', 'Kitumbalomo', 'TZ.RV.MB'),
(1315, '', 'Ndugumbi', 'TZ.DS.KI'),
(1316, '', 'Saranga', 'TZ.DS.KI'),
(1317, '', 'Kitunda', 'TZ.TB.SI'),
(1318, '', 'Kituntu', 'TZ.SD.ID'),
(1319, '', 'Kituntu', 'TZ.KG.KA'),
(1320, '', 'Kitura', 'TZ.RV.MB'),
(1321, '', 'Kitwiru', 'TZ.IG.IM'),
(1322, '', 'Sinza', 'TZ.DS.KI'),
(1323, '', 'Kiusa', 'TZ.KL.MM'),
(1324, '', 'Tandale', 'TZ.DS.KI'),
(1325, '', 'Ubungo', 'TZ.DS.KI'),
(1326, '', 'Wazo', 'TZ.DS.KI'),
(1327, '', 'Kiva', 'TZ.TN.HA'),
(1328, '', 'Kivinjesingino', 'TZ.LI.KI'),
(1329, '', 'Kivisini', 'TZ.KL.MW'),
(1330, '', 'Mwadui Lohumbo', 'TZ.SY.KI'),
(1331, '', 'Seke Bugoro', 'TZ.SY.KI'),
(1332, '', 'Namelock', 'TZ.MY.KI'),
(1333, '', 'Kiwalala', 'TZ.LI.LD'),
(1334, '', 'Kiwangwa', 'TZ.PW.CH'),
(1335, '', 'Kiwanja cha ndege', 'TZ.DO.DO'),
(1336, '', 'Bwejuu', 'TZ.ZS.SO'),
(1337, '', 'Kiwawa', 'TZ.LI.LD'),
(1338, '', 'Dongwe', 'TZ.ZS.SO'),
(1339, '', 'Kiwere', 'TZ.IG.ID'),
(1340, '', 'Kiwira', 'TZ.MB.RU'),
(1341, '', 'Kiyanga', 'TZ.MT.NA'),
(1342, '', 'Kiyowela', 'TZ.IG.MU'),
(1343, '', 'Kizara', 'TZ.TN.KO'),
(1344, '', 'Kizazi', 'TZ.KM.KI'),
(1345, '', 'Kizengi', 'TZ.TB.UY'),
(1346, '', 'Kiziguzigu', 'TZ.KM.KK'),
(1347, '', 'Jambiani Kibigija', 'TZ.ZS.SO'),
(1348, '', 'Jambiani Kikadini', 'TZ.ZS.SO'),
(1349, '', 'Kajengwa', 'TZ.ZS.SO'),
(1350, '', 'Kibuteni', 'TZ.ZS.SO'),
(1351, '', 'Kizota', 'TZ.DO.DO'),
(1352, '', 'Kizumbi', 'TZ.SY.SU'),
(1353, '', 'Kizwite', 'TZ.RU.SU'),
(1354, '', 'Kijini', 'TZ.ZS.SO'),
(1355, '', 'Kiongoni', 'TZ.ZS.SO'),
(1356, '', 'Kolandoto', 'TZ.SY.SU'),
(1357, '', 'Kolero', 'TZ.MO.MU'),
(1358, '', 'Kolo', 'TZ.DO.KD'),
(1359, '', 'Komaswa', 'TZ.MA.TA'),
(1360, '', 'Kitogani', 'TZ.ZS.SO'),
(1361, '', 'Komkonga', 'TZ.TN.HA'),
(1362, '', 'Komolo', 'TZ.MY.SI'),
(1363, '', 'Komuge', 'TZ.MA.RO'),
(1364, '', 'Konde', 'TZ.MO.MU'),
(1365, '', 'Kizimkazi Dimbani', 'TZ.ZS.SO'),
(1366, '', 'Kondoa mjini', 'TZ.DO.KD'),
(1367, '', 'Kongolo', 'TZ.MB.MB'),
(1368, '', 'Kongolo', 'TZ.MZ.MA'),
(1369, '', 'Kongowe', 'TZ.PW.KT'),
(1370, '', 'Kongwa', 'TZ.DO.KG'),
(1371, '', 'Konje', 'TZ.TN.HT'),
(1372, '', 'Koromije', 'TZ.MZ.MI'),
(1373, '', 'Korongoni', 'TZ.KL.MM'),
(1374, '', 'Korongwe', 'TZ.RU.NK'),
(1375, '', 'Koryo', 'TZ.MA.RO'),
(1376, '', 'Kukirango', 'TZ.MA.BD'),
(1377, '', 'Kulimi', 'TZ.SI.MA'),
(1378, '', 'Kumsenga', 'TZ.KM.KI'),
(1379, '', 'Kizimkazi Mkunguni', 'TZ.ZS.SO'),
(1380, '', 'Kunzugu', 'TZ.MA.BT'),
(1381, '', 'Mtende', 'TZ.ZS.SO'),
(1382, '', 'Kurugongo', 'TZ.KM.KA'),
(1383, '', 'Kurui', 'TZ.PW.KS'),
(1384, '', 'Muungoni', 'TZ.ZS.SO'),
(1385, '', 'Muyuni A', 'TZ.ZS.SO'),
(1386, '', 'Muyuni B', 'TZ.ZS.SO'),
(1387, '', 'Kwachaga', 'TZ.TN.HA'),
(1388, '', 'Kwadelo', 'TZ.DO.KD'),
(1389, '', 'Kwafungo', 'TZ.TN.MU'),
(1390, '', 'Kwaga', 'TZ.KM.KA'),
(1391, '', 'Kwagunda', 'TZ.TN.KO'),
(1392, '', 'Muyuni C', 'TZ.ZS.SO'),
(1393, '', 'Kwai', 'TZ.TN.LU'),
(1394, '', 'Kwakifua', 'TZ.TN.MU'),
(1395, '', 'Mzuri', 'TZ.ZS.SO'),
(1396, '', 'Kwakoa', 'TZ.KL.MW'),
(1397, '', 'Kwala', 'TZ.PW.KB'),
(1398, '', 'Kwale', 'TZ.TN.MK'),
(1399, '', 'Nganani', 'TZ.ZS.SO'),
(1400, '', 'Kwaluguru', 'TZ.TN.HA'),
(1401, '', 'Kwamagome', 'TZ.TN.HT'),
(1402, '', 'Kwamatuku', 'TZ.TN.HA'),
(1403, '', 'Kwamgwe', 'TZ.TN.HA'),
(1404, '', 'Paje', 'TZ.ZS.SO'),
(1405, '', 'Kwamndolwa', 'TZ.TN.KT'),
(1406, '', 'Kwamsisi', 'TZ.TN.KT'),
(1407, '', 'Kwamsisi', 'TZ.TN.KT'),
(1408, '', 'Pete', 'TZ.ZS.SO'),
(1409, '', 'Kwamtoro', 'TZ.DO.CB'),
(1410, '', 'Tasani', 'TZ.ZS.SO'),
(1411, '', 'Kwashemshi', 'TZ.TN.KO'),
(1412, '', 'Kwasunga', 'TZ.TN.HA'),
(1413, '', 'Kwediboma', 'TZ.TN.KI'),
(1414, '', 'Mwakilambiti', 'TZ.MZ.KW'),
(1415, '', 'Kwedizinga', 'TZ.TN.HA'),
(1416, '', 'Kwekanga', 'TZ.TN.LU'),
(1417, '', 'Kwekivu', 'TZ.TN.KI'),
(1418, '', 'Katumbasongwe', 'TZ.MB.KY'),
(1419, '', 'Talatala', 'TZ.MB.KY'),
(1420, '', 'Rutunguru', 'TZ.KG.KY'),
(1421, '', 'Namangale', 'TZ.LI.LD'),
(1422, '', 'Matopeni', 'TZ.LI.LM'),
(1423, '', 'Mitandi', 'TZ.LI.LM'),
(1424, '', 'Kyambahi', 'TZ.MA.SE'),
(1425, '', 'Kyamulaile', 'TZ.KG.BD'),
(1426, '', 'Kyang''ombe', 'TZ.MA.RO'),
(1427, '', 'Kyanyari', 'TZ.MA.BD'),
(1428, '', 'Kyebitembe', 'TZ.KG.MU'),
(1429, '', 'Kyela', 'TZ.MB.KY'),
(1430, '', 'Kyengege', 'TZ.SD.IR'),
(1431, '', 'Kyerwa', 'TZ.KG.KY'),
(1432, '', 'Kyimo', 'TZ.MB.RU'),
(1433, '', 'Laela', 'TZ.RU.SR'),
(1434, '', 'Lagana', 'TZ.SY.KI'),
(1435, '', 'Lagangabilili', 'TZ.SI.IT'),
(1436, '', 'Laghanga', 'TZ.MY.HA'),
(1437, '', 'Lalago', 'TZ.SI.MA'),
(1438, '', 'Msinjahili', 'TZ.LI.LM'),
(1439, '', 'Lalta', 'TZ.DO.CB'),
(1440, '', 'Lamadi', 'TZ.SI.BU'),
(1441, '', 'Lamaiti', 'TZ.DO.BA'),
(1442, '', 'Langali', 'TZ.MO.MV'),
(1443, '', 'Lang''ata', 'TZ.KL.MW'),
(1444, '', 'Langiro', 'TZ.RV.MB'),
(1445, '', 'Legeza Mwendo', 'TZ.RU.KA'),
(1446, '', 'Leguruki', 'TZ.AS.ME'),
(1447, '', 'Lemara', 'TZ.AS.AS'),
(1448, '', 'Lembeni', 'TZ.KL.MW'),
(1449, '', 'Lengatei', 'TZ.MY.KI'),
(1450, '', 'Lenjulu', 'TZ.DO.KG'),
(1451, '', 'Lepurko', 'TZ.AS.MO'),
(1452, '', 'Levolosi', 'TZ.AS.AS'),
(1453, '', 'Libobe', 'TZ.MT.MR'),
(1454, '', 'Liborsoit', 'TZ.MY.SI'),
(1455, '', 'Mwenge', 'TZ.LI.LM'),
(1456, '', 'Ligera', 'TZ.RV.NA'),
(1457, '', 'Lighwa', 'TZ.SD.ID'),
(1458, '', 'Ligoma', 'TZ.RV.TU'),
(1459, '', 'Ligunga', 'TZ.RV.TU'),
(1460, '', 'Lihimalyao', 'TZ.LI.KI'),
(1461, '', 'Likawage', 'TZ.LI.KI'),
(1462, '', 'Ndoro', 'TZ.LI.LM'),
(1463, '', 'Likombe', 'TZ.MT.MU'),
(1464, '', 'Ng''apa', 'TZ.LI.LM'),
(1465, '', 'Likunja', 'TZ.LI.RU'),
(1466, '', 'Likuyuseka', 'TZ.RV.NA'),
(1467, '', 'Lilombe', 'TZ.LI.LI'),
(1468, '', 'Limamu', 'TZ.RV.NA'),
(1469, '', 'Wailes', 'TZ.LI.LM'),
(1470, '', 'Linda', 'TZ.RV.MB'),
(1471, '', 'Lingeka', 'TZ.SI.ME'),
(1472, '', 'Lionja', 'TZ.LI.NA'),
(1473, '', 'Liparamba', 'TZ.RV.NY'),
(1474, '', 'Lipingo', 'TZ.RV.NY'),
(1475, '', 'Lipumburu', 'TZ.MT.MA'),
(1476, '', 'Litapunga', 'TZ.KA.NS'),
(1477, '', 'Litehu', 'TZ.MT.TA'),
(1478, '', 'Litembo', 'TZ.RV.MB'),
(1479, '', 'Litisha', 'TZ.RV.SR'),
(1480, '', 'Likongowele', 'TZ.LI.LI'),
(1481, '', 'Lituhi', 'TZ.RV.NY'),
(1482, '', 'Litumbandyosi', 'TZ.RV.MB'),
(1483, '', 'Liuli', 'TZ.RV.NY'),
(1484, '', 'Livishi', 'TZ.KL.SI'),
(1485, '', 'Liwale ''B''', 'TZ.LI.LI'),
(1486, '', 'Liwale Mjini', 'TZ.LI.LI'),
(1487, '', 'Liwundi', 'TZ.RV.NY'),
(1488, '', 'Mangirikiti', 'TZ.LI.LI'),
(1489, '', 'Loiborsiret', 'TZ.MY.SI'),
(1490, '', 'Loje', 'TZ.DO.CW'),
(1491, '', 'Lolkisale', 'TZ.AS.MO'),
(1492, '', 'Longa', 'TZ.LI.LD'),
(1493, '', 'Longido', 'TZ.AS.LO'),
(1494, '', 'Longuo B', 'TZ.KL.MM'),
(1495, '', 'Loolera', 'TZ.MY.KI'),
(1496, '', 'Loya', 'TZ.TB.UY'),
(1497, '', 'Luagala', 'TZ.MT.TA'),
(1498, '', 'Luana', 'TZ.NJ.LU'),
(1499, '', 'Nangando', 'TZ.LI.LI'),
(1500, '', 'Kitumbeine', 'TZ.AS.LO'),
(1501, '', 'Lubanga', 'TZ.GE.GD'),
(1502, '', 'Lubiga', 'TZ.SI.ME'),
(1503, '', 'Lubili', 'TZ.MZ.MI'),
(1504, '', 'Lubugu', 'TZ.MZ.MA'),
(1505, '', 'Luchelegwa', 'TZ.LI.RU'),
(1506, '', 'Luchili', 'TZ.RV.NA'),
(1507, '', 'Orbomba', 'TZ.AS.LO'),
(1508, '', 'Ludende', 'TZ.NJ.LU'),
(1509, '', 'Ludewa', 'TZ.NJ.LU'),
(1510, '', 'Luduga', 'TZ.NJ.WA'),
(1511, '', 'Luegu', 'TZ.RV.NA'),
(1512, '', 'Lufilyo', 'TZ.MB.BU'),
(1513, '', 'Lufingo', 'TZ.MB.RU'),
(1514, '', 'Lufu', 'TZ.DO.MP'),
(1515, '', 'Lugalo', 'TZ.IG.KI'),
(1516, '', 'Lugarawa', 'TZ.NJ.LU'),
(1517, '', 'Lugata', 'TZ.MZ.BU'),
(1518, '', 'Lugenge', 'TZ.NJ.NT'),
(1519, '', 'Lugoba', 'TZ.PW.CH'),
(1520, '', 'Ibumi', 'TZ.NJ.LU'),
(1521, '', 'Lugulu', 'TZ.SI.IT'),
(1522, '', 'Lugunga', 'TZ.GE.MB'),
(1523, '', 'Iwela', 'TZ.NJ.LU'),
(1524, '', 'Lifuma', 'TZ.NJ.LU'),
(1525, '', 'Luhangarasi', 'TZ.RV.NY'),
(1526, '', 'Luhota', 'TZ.IG.ID'),
(1527, '', 'Luhundwa', 'TZ.DO.MP'),
(1528, '', 'Luilo', 'TZ.NJ.LU'),
(1529, '', 'Lukande', 'TZ.MO.UL'),
(1530, '', 'Lukanga', 'TZ.PW.MK'),
(1531, '', 'Lukokoda', 'TZ.MT.TA'),
(1532, '', 'Lukozi', 'TZ.TN.LU'),
(1533, '', 'Lukuledi', 'TZ.MT.MA'),
(1534, '', 'Lukumbule', 'TZ.RV.TU'),
(1535, '', 'Lulembela', 'TZ.GE.MB'),
(1536, '', 'Lulindi', 'TZ.MT.MA'),
(1537, '', 'Lumbiji', 'TZ.MO.KS'),
(1538, '', 'Lumbila', 'TZ.NJ.LU'),
(1539, '', 'Lumemo', 'TZ.MO.IF'),
(1540, '', 'Dule "B"', 'TZ.TN.LU'),
(1541, '', 'Lumuli', 'TZ.IG.ID'),
(1542, '', 'Lumuma', 'TZ.DO.MP'),
(1543, '', 'Lumuma', 'TZ.MO.KS'),
(1544, '', 'Lundi', 'TZ.MO.MU'),
(1545, '', 'Lunguya', 'TZ.SY.MS'),
(1546, '', 'Lunguza', 'TZ.TN.LU'),
(1547, '', 'Lupalilo', 'TZ.NJ.MA'),
(1548, '', 'Lupanga', 'TZ.NJ.LU'),
(1549, '', 'Lupata', 'TZ.MB.BU'),
(1550, '', 'Lupatingatinga', 'TZ.MB.CH'),
(1551, '', 'Lupembe', 'TZ.NJ.NJ'),
(1552, '', 'Dule "M"', 'TZ.TN.LU'),
(1553, '', 'Lupila', 'TZ.NJ.MA'),
(1554, '', 'Lupingu', 'TZ.NJ.LU'),
(1555, '', 'Lupiro', 'TZ.MO.UL'),
(1556, '', 'Luponde', 'TZ.NJ.NT'),
(1557, '', 'Lusahunga', 'TZ.KG.BI'),
(1558, '', 'Lusaka', 'TZ.RU.SR'),
(1559, '', 'Kwemashai', 'TZ.TN.LU'),
(1560, '', 'Lusewa', 'TZ.RV.NA'),
(1561, '', 'Lushoto', 'TZ.TN.LU'),
(1562, '', 'Lusu', 'TZ.TB.NZ'),
(1563, '', 'Lusungo', 'TZ.MB.KY'),
(1564, '', 'Kwemshasha', 'TZ.TN.LU'),
(1565, '', 'Lutale', 'TZ.MZ.MA'),
(1566, '', 'Luteba', 'TZ.MB.BU'),
(1567, '', 'Lutende', 'TZ.TB.UY'),
(1568, '', 'Lutindi', 'TZ.TN.KO'),
(1569, '', 'Lutubiga', 'TZ.SI.BU'),
(1570, '', 'Luwaita', 'TZ.RV.MT'),
(1571, '', 'Luwalaje', 'TZ.MB.CH'),
(1572, '', 'Luwumbu', 'TZ.NJ.MA'),
(1573, '', 'Lwamgasa', 'TZ.GE.GD'),
(1574, '', 'Lwande', 'TZ.TN.KI'),
(1575, '', 'Lwangwa', 'TZ.MB.BU'),
(1576, '', 'Lwanjiro', 'TZ.MB.MU'),
(1577, '', 'Lwezera', 'TZ.GE.GD'),
(1578, '', 'Lyabukande', 'TZ.SY.SR'),
(1579, '', 'Lyabusalu', 'TZ.SY.SR'),
(1580, '', 'Lyambamgongo', 'TZ.GE.BU'),
(1581, '', 'Lyamgungwe', 'TZ.IG.ID'),
(1582, '', 'Lyamidati', 'TZ.SY.SR'),
(1583, '', 'Milingano', 'TZ.TN.LU'),
(1584, '', 'Lyenje', 'TZ.MT.TA'),
(1585, '', 'Lyoma', 'TZ.MZ.KW'),
(1586, '', 'Maalon', 'TZ.AS.NG'),
(1587, '', 'Ngulwi', 'TZ.TN.LU'),
(1588, '', 'Mabalanga', 'TZ.TN.KI'),
(1589, '', 'Bububu', 'TZ.ZW.WE'),
(1590, '', 'Mabama', 'TZ.TB.UY'),
(1591, '', 'Mabamba', 'TZ.KM.KI'),
(1592, '', 'Mabanda', 'TZ.TN.HT'),
(1593, '', 'Bumbwisudi', 'TZ.ZW.WE'),
(1594, '', 'Mabawa', 'TZ.TN.TA'),
(1595, '', 'Mabawe', 'TZ.KG.NG'),
(1596, '', 'Bweleo', 'TZ.ZW.WE'),
(1597, '', 'Mabilioni', 'TZ.KL.SA'),
(1598, '', 'Mabira', 'TZ.KG.KY'),
(1599, '', 'Maboga', 'TZ.IG.ID'),
(1600, '', 'Mabogini', 'TZ.KL.MD'),
(1601, '', 'Mabokweni', 'TZ.TN.TA'),
(1602, '', 'Mabuki', 'TZ.MZ.MI'),
(1603, '', 'Mabula', 'TZ.MO.KS'),
(1604, '', 'Chuini', 'TZ.ZW.WE'),
(1605, '', 'Chukwani', 'TZ.ZW.WE'),
(1606, '', 'Mabwerebwere', 'TZ.MO.KS'),
(1607, '', 'Machame Kaskazini', 'TZ.KL.HA'),
(1608, '', 'Machame Kusini', 'TZ.KL.HA'),
(1609, '', 'Machame Magharibi', 'TZ.KL.HA'),
(1610, '', 'Machame Mashariki', 'TZ.KL.HA'),
(1611, '', 'Machame Narumu', 'TZ.KL.HA'),
(1612, '', 'Machame Uroki', 'TZ.KL.HA'),
(1613, '', 'Machame Weruweru', 'TZ.KL.HA'),
(1614, '', 'Machimboni', 'TZ.KA.NS'),
(1615, '', 'Machinjioni', 'TZ.KM.KM'),
(1616, '', 'Machochwe', 'TZ.MA.SE'),
(1617, '', 'Dimani', 'TZ.ZW.WE'),
(1618, '', 'Madanga', 'TZ.TN.PA'),
(1619, '', 'Madibira', 'TZ.MB.MB'),
(1620, '', 'Madilu', 'TZ.NJ.LU'),
(1621, '', 'Madimba', 'TZ.MT.MR'),
(1622, '', 'Dole', 'TZ.ZW.WE'),
(1623, '', 'Madope', 'TZ.NJ.LU'),
(1624, '', 'Fumba', 'TZ.ZW.WE'),
(1625, '', 'Madukani', 'TZ.DO.DO'),
(1626, '', 'Madunga', 'TZ.MY.BA'),
(1627, '', 'Maendeleo', 'TZ.MB.MR'),
(1628, '', 'Maendeleo', 'TZ.MB.MR'),
(1629, '', 'Mafiga', 'TZ.MO.MR'),
(1630, '', 'Mafizi', 'TZ.PW.KS'),
(1631, '', 'Fuoni Kibondeni', 'TZ.ZW.WE'),
(1632, '', 'Fuoni Kijito Upele', 'TZ.ZW.WE'),
(1633, '', 'Mafyeko', 'TZ.MB.CH'),
(1634, '', 'Magagura', 'TZ.RV.SR'),
(1635, '', 'Kama', 'TZ.ZW.WE'),
(1636, '', 'Kianga', 'TZ.ZW.WE'),
(1637, '', 'Magamba Kwalukonge', 'TZ.TN.KO'),
(1638, '', 'Magange', 'TZ.MA.SE'),
(1639, '', 'Magara', 'TZ.MY.BA'),
(1640, '', 'Kibweni', 'TZ.ZW.WE'),
(1641, '', 'Magawa', 'TZ.PW.MK'),
(1642, '', 'Magazini', 'TZ.RV.NA'),
(1643, '', 'Magengati', 'TZ.TB.NZ'),
(1644, '', 'Magengeni', 'TZ.MT.MU'),
(1645, '', 'Maghang', 'TZ.MY.MB'),
(1646, '', 'Kiembesamaki', 'TZ.ZW.WE'),
(1647, '', 'Magila', 'TZ.TN.MU'),
(1648, '', 'Magindu', 'TZ.PW.KB'),
(1649, '', 'Magiri', 'TZ.TB.UY'),
(1650, '', 'Kihinani', 'TZ.ZW.WE'),
(1651, '', 'Magole', 'TZ.MO.KS'),
(1652, '', 'Magoma', 'TZ.TN.KO'),
(1653, '', 'Magomeni', 'TZ.MO.KS'),
(1654, '', 'Magomeni', 'TZ.PW.BA'),
(1655, '', 'Kinuni', 'TZ.ZW.WE'),
(1656, '', 'Kisauni', 'TZ.ZW.WE'),
(1657, '', 'Magoroto', 'TZ.TN.MU'),
(1658, '', 'Magu Mjini', 'TZ.MZ.MA'),
(1659, '', 'Magubike', 'TZ.MO.KS'),
(1660, '', 'Magugu', 'TZ.MY.BA'),
(1661, '', 'Kizimbani', 'TZ.ZW.WE'),
(1662, '', 'Maguliwa', 'TZ.IG.ID'),
(1663, '', 'Magunga', 'TZ.TN.KT'),
(1664, '', 'Magungu', 'TZ.MY.KI'),
(1665, '', 'Maguu', 'TZ.RV.MB'),
(1666, '', 'Mahanje', 'TZ.RV.SR'),
(1667, '', 'Mahege', 'TZ.PW.KD'),
(1668, '', 'Mahembe', 'TZ.KM.KD'),
(1669, '', 'Mahenge', 'TZ.MO.UL'),
(1670, '', 'Mahenge', 'TZ.IG.KI'),
(1671, '', 'Maheza ngulu', 'TZ.TN.BU'),
(1672, '', 'Mahida', 'TZ.KL.RO'),
(1673, '', 'Kombeni', 'TZ.ZW.WE'),
(1674, '', 'Magogoni', 'TZ.ZW.WE'),
(1675, '', 'Mahongole', 'TZ.MB.MB'),
(1676, '', 'Mahongole', 'TZ.NJ.MT'),
(1677, '', 'Mahuninga', 'TZ.IG.ID'),
(1678, '', 'Mahurunga', 'TZ.MT.MR'),
(1679, '', 'Maungani', 'TZ.ZW.WE'),
(1680, '', 'Mbuzini', 'TZ.ZW.WE'),
(1681, '', 'Maisaka', 'TZ.MY.BT'),
(1682, '', 'Maisome', 'TZ.MZ.BU'),
(1683, '', 'Majeleko', 'TZ.DO.CW'),
(1684, '', 'Melinne', 'TZ.ZW.WE'),
(1685, '', 'Majengo', 'TZ.AS.MO'),
(1686, '', 'Majengo', 'TZ.KL.MM'),
(1687, '', 'Majengo', 'TZ.TN.MU'),
(1688, '', 'Majengo', 'TZ.TN.MU'),
(1689, '', 'Majengo', 'TZ.LI.LD'),
(1690, '', 'Majengo', 'TZ.MT.MU'),
(1691, '', 'Majengo', 'TZ.RV.TU'),
(1692, '', 'Majengo', 'TZ.RV.TU'),
(1693, '', 'Mfenesini', 'TZ.ZW.WE'),
(1694, '', 'Mombasa', 'TZ.ZW.WE'),
(1695, '', 'Majengo', 'TZ.RU.SU'),
(1696, '', 'Majengo', 'TZ.KM.KM'),
(1697, '', 'Majengo', 'TZ.SY.KA'),
(1698, '', 'Mtoni', 'TZ.ZW.WE'),
(1699, '', 'Maji ya chai', 'TZ.AS.ME'),
(1700, '', 'Majimoto', 'TZ.MA.SE'),
(1701, '', 'Majimoto', 'TZ.KA.ML'),
(1702, '', 'Majiri', 'TZ.SD.MA'),
(1703, '', 'Mtoni Kidatu', 'TZ.ZW.WE'),
(1704, '', 'Mtopepo', 'TZ.ZW.WE'),
(1705, '', 'Makame', 'TZ.MY.KI'),
(1706, '', 'Makanda', 'TZ.DO.BA'),
(1707, '', 'Mtufaani', 'TZ.ZW.WE'),
(1708, '', 'Makandana', 'TZ.MB.RU'),
(1709, '', 'Mwakaje', 'TZ.ZW.WE'),
(1710, '', 'Mwanakwerekwe', 'TZ.ZW.WE'),
(1711, '', 'Makang''wa', 'TZ.DO.CW'),
(1712, '', 'Makanjiro', 'TZ.LI.RU'),
(1713, '', 'Makanya', 'TZ.KL.SA'),
(1714, '', 'Makanya', 'TZ.TN.LU'),
(1715, '', 'Mwanyanya', 'TZ.ZW.WE'),
(1716, '', 'Makata', 'TZ.LI.LI'),
(1717, '', 'Makawa', 'TZ.DO.KG'),
(1718, '', 'Makiba', 'TZ.AS.ME'),
(1719, '', 'Makiidi', 'TZ.KL.RO'),
(1720, '', 'Mwera', 'TZ.ZW.WE'),
(1721, '', 'Nyamanzi', 'TZ.ZW.WE'),
(1722, '', 'Makoga', 'TZ.NJ.WA'),
(1723, '', 'Makojo', 'TZ.MA.MR'),
(1724, '', 'Makole', 'TZ.DO.DO'),
(1725, '', 'Makonde', 'TZ.LI.LM'),
(1726, '', 'Makonde', 'TZ.NJ.LU'),
(1727, '', 'Makonga', 'TZ.MT.NT'),
(1728, '', 'Pangawe', 'TZ.ZW.WE'),
(1729, '', 'Shakani', 'TZ.ZW.WE'),
(1730, '', 'Makorongo', 'TZ.DO.CB'),
(1731, '', 'Makorongoni', 'TZ.IG.IM'),
(1732, '', 'Makorora', 'TZ.TN.TA'),
(1733, '', 'Makote', 'TZ.MT.NT'),
(1734, '', 'Makowo', 'TZ.NJ.NT'),
(1735, '', 'Sharifumsa', 'TZ.ZW.WE'),
(1736, '', 'Makukwe', 'TZ.MT.NE'),
(1737, '', 'Tomondo', 'TZ.ZW.WE'),
(1738, '', 'Makungu', 'TZ.IG.MU'),
(1739, '', 'Makuro', 'TZ.SD.SI'),
(1740, '', 'Makuru', 'TZ.SD.MA'),
(1741, '', 'Makurugusi', 'TZ.GE.CH'),
(1742, '', 'Welezo', 'TZ.ZW.WE'),
(1743, '', 'Makutupora', 'TZ.DO.DO'),
(1744, '', 'Kitongo Sim', 'TZ.MZ.MA'),
(1745, '', 'Makuyuni', 'TZ.AS.MO'),
(1746, '', 'Makuyuni', 'TZ.KL.MD'),
(1747, '', 'Makuyuni', 'TZ.TN.KO'),
(1748, '', 'Makwale', 'TZ.MB.KY'),
(1749, '', 'Malambo', 'TZ.AS.NG'),
(1750, '', 'Malambo', 'TZ.SI.BA'),
(1751, '', 'Malampaka', 'TZ.SI.MA'),
(1752, '', 'Malangali', 'TZ.IG.MU'),
(1753, '', 'Lyamkena', 'TZ.NJ.MT'),
(1754, '', 'Malangali', 'TZ.RU.SU'),
(1755, '', 'Malatu', 'TZ.MT.NE'),
(1756, '', 'Malenga Makali', 'TZ.IG.ID'),
(1757, '', 'Mlowa', 'TZ.NJ.MT'),
(1758, '', 'Malibwi', 'TZ.TN.LU'),
(1759, '', 'Maligisu', 'TZ.MZ.KW'),
(1760, '', 'Malili', 'TZ.SI.BU'),
(1761, '', 'Malindi', 'TZ.TN.LU'),
(1762, '', 'Kipagalo', 'TZ.NJ.MA'),
(1763, '', 'Malindo', 'TZ.MB.RU'),
(1764, '', 'Malinyi', 'TZ.MO.MA'),
(1765, '', 'Malolo', 'TZ.DO.MP'),
(1766, '', 'Malolo', 'TZ.MO.KS'),
(1767, '', 'Malolo', 'TZ.LI.RU'),
(1768, '', 'Malolo', 'TZ.TB.TA'),
(1769, '', 'Malunga', 'TZ.SY.KA'),
(1770, '', 'Malya', 'TZ.MZ.KW'),
(1771, '', 'Mamaye', 'TZ.MZ.MI'),
(1772, '', 'Mamba', 'TZ.TN.BU'),
(1773, '', 'Mamba', 'TZ.MB.CH'),
(1774, '', 'Mamba', 'TZ.KA.ML'),
(1775, '', 'Mamba Kaskazini', 'TZ.KL.MD'),
(1776, '', 'Mamba Kusini', 'TZ.KL.MD'),
(1777, '', 'Mambali', 'TZ.TB.NZ'),
(1778, '', 'Mamboya', 'TZ.MO.KS'),
(1779, '', 'Mamire', 'TZ.MY.BA'),
(1780, '', 'Mamsera', 'TZ.KL.RO'),
(1781, '', 'Manchali', 'TZ.DO.CW'),
(1782, '', 'Manchira', 'TZ.MA.SE'),
(1783, '', 'Manda', 'TZ.DO.CW'),
(1784, '', 'Manda', 'TZ.KL.RO'),
(1785, '', 'Manda', 'TZ.NJ.LU'),
(1786, '', 'Mandarawe', 'TZ.LI.RU'),
(1787, '', 'Mandawa', 'TZ.LI.KI'),
(1788, '', 'Mandawa', 'TZ.LI.KI'),
(1789, '', 'Mandege', 'TZ.MO.GA'),
(1790, '', 'Mandera', 'TZ.PW.CH'),
(1791, '', 'Mandewa', 'TZ.SD.SU'),
(1792, '', 'Mandwanga', 'TZ.LI.LD'),
(1793, '', 'Maneromango', 'TZ.PW.KS'),
(1794, '', 'Manga', 'TZ.MA.TA'),
(1795, '', 'Mang''oto', 'TZ.NJ.MA'),
(1796, '', 'Ipande', 'TZ.SD.MA'),
(1797, '', 'Makanda', 'TZ.SD.MA'),
(1798, '', 'Mang''ola', 'TZ.AS.KA'),
(1799, '', 'Mang''onyi', 'TZ.SD.ID'),
(1800, '', 'Makutupora', 'TZ.SD.MA'),
(1801, '', 'Mang''ula', 'TZ.MO.KM'),
(1802, '', 'Manolo', 'TZ.TN.LU'),
(1803, '', 'Mantare', 'TZ.MZ.KW'),
(1804, '', 'Manundu', 'TZ.TN.KT'),
(1805, '', 'Manyoni', 'TZ.SD.MA'),
(1806, '', 'Manza', 'TZ.TN.MK'),
(1807, '', 'Manzase', 'TZ.DO.CW'),
(1808, '', 'Jida', 'TZ.MT.MT'),
(1809, '', 'Maore', 'TZ.KL.SA'),
(1810, '', 'Mapamba', 'TZ.SY.US'),
(1811, '', 'Mapanda', 'TZ.IG.MU'),
(1812, '', 'Maparoni', 'TZ.PW.KD'),
(1813, '', 'Mwenge', 'TZ.MT.MT'),
(1814, '', 'Mapera', 'TZ.RV.MB'),
(1815, '', 'Mapogoro', 'TZ.MB.MB'),
(1816, '', 'Maposeni', 'TZ.RV.SR'),
(1817, '', 'Maputi', 'TZ.MT.NE'),
(1818, '', 'Maramba', 'TZ.TN.MK'),
(1819, '', 'Marambo', 'TZ.LI.NA'),
(1820, '', 'Marang', 'TZ.MY.MT'),
(1821, '', 'Temeke', 'TZ.MT.MT'),
(1822, '', 'Marangu Magharibi', 'TZ.KL.MD'),
(1823, '', 'Marangu Mashariki', 'TZ.KL.MD'),
(1824, '', 'Nyalikungu', 'TZ.SI.MA'),
(1825, '', 'Maretadu', 'TZ.MY.MB'),
(1826, '', 'Marika', 'TZ.MT.MT'),
(1827, '', 'Maroroni', 'TZ.AS.ME'),
(1828, '', 'Marui', 'TZ.PW.KS'),
(1829, '', 'Maruku', 'TZ.KG.BD'),
(1830, '', 'Marumba', 'TZ.RV.TU'),
(1831, '', 'Sengwa', 'TZ.SI.MA'),
(1832, '', 'Marumbo', 'TZ.PW.KS'),
(1833, '', 'Marungu', 'TZ.TN.TA'),
(1834, '', 'Masaba', 'TZ.MA.BD'),
(1835, '', 'Itambaleo', 'TZ.MB.MB'),
(1836, '', 'Masagati', 'TZ.MO.KM'),
(1837, '', 'Masaki', 'TZ.PW.KS'),
(1838, '', 'Masakta', 'TZ.MY.HA'),
(1839, '', 'Masama Kati', 'TZ.KL.HA'),
(1840, '', 'Masama Kusini', 'TZ.KL.HA'),
(1841, '', 'Masama Magharibi', 'TZ.KL.HA'),
(1842, '', 'Masama Mashariki', 'TZ.KL.HA'),
(1843, '', 'Masama Rundugai', 'TZ.KL.HA'),
(1844, '', 'Masanga', 'TZ.SY.KI'),
(1845, '', 'Masange', 'TZ.DO.KD'),
(1846, '', 'Masanze', 'TZ.MO.KS'),
(1847, '', 'Luhanga', 'TZ.MB.MB'),
(1848, '', 'Masasi', 'TZ.NJ.LU'),
(1849, '', 'Masebe', 'TZ.MB.RU'),
(1850, '', 'Ghana', 'TZ.MB.MR'),
(1851, '', 'Masela', 'TZ.SI.MA'),
(1852, '', 'Masengwa', 'TZ.SY.SR'),
(1853, '', 'Mashewa', 'TZ.TN.KO'),
(1854, '', 'Masieda', 'TZ.MY.MB'),
(1855, '', 'Masisiwe', 'TZ.IG.KI'),
(1856, '', 'Maskati', 'TZ.MO.MV'),
(1857, '', 'Iduda', 'TZ.MB.MR'),
(1858, '', 'Masoko', 'TZ.LI.KI'),
(1859, '', 'Masoko', 'TZ.MB.MU'),
(1860, '', 'Masoko', 'TZ.MB.MU'),
(1861, '', 'Masonya', 'TZ.RV.TU'),
(1862, '', 'Masqaroda', 'TZ.MY.HA'),
(1863, '', 'Masqaroda', 'TZ.MY.HA'),
(1864, '', 'Massa', 'TZ.DO.MP'),
(1865, '', 'Masuguru', 'TZ.TN.MU'),
(1866, '', 'Itiji', 'TZ.MB.MR'),
(1867, '', 'Masukulu', 'TZ.MB.RU'),
(1868, '', 'Masumbwe', 'TZ.GE.MB'),
(1869, '', 'Matai', 'TZ.RU.KA'),
(1870, '', 'Matale', 'TZ.AS.LO'),
(1871, '', 'Matamba', 'TZ.NJ.MA'),
(1872, '', 'Matambarale', 'TZ.LI.RU'),
(1873, '', 'Matanga', 'TZ.RU.SU'),
(1874, '', 'Matarawe', 'TZ.RV.SU'),
(1875, '', 'Maanga', 'TZ.MB.MR'),
(1876, '', 'Mateka', 'TZ.RV.SU'),
(1877, '', 'Matekwe', 'TZ.LI.NA'),
(1878, '', 'Matema', 'TZ.MB.KY'),
(1879, '', 'Matemanga', 'TZ.RV.TU'),
(1880, '', 'Matembwe', 'TZ.NJ.NJ'),
(1881, '', 'Mabatini', 'TZ.MB.MR'),
(1882, '', 'Matendo', 'TZ.KM.KD'),
(1883, '', 'Majengo', 'TZ.MB.MR'),
(1884, '', 'Mateves', 'TZ.AS.AM'),
(1885, '', 'Matimba', 'TZ.LI.LD'),
(1886, '', 'Matimira', 'TZ.RV.SR'),
(1887, '', 'Matiri', 'TZ.RV.MB'),
(1888, '', 'Matogoro', 'TZ.RV.SU'),
(1889, '', 'Matola', 'TZ.NJ.NT'),
(1890, '', 'Matomondo', 'TZ.DO.MP'),
(1891, '', 'Matongo', 'TZ.SD.MK'),
(1892, '', 'Matongo', 'TZ.MA.TA'),
(1893, '', 'Matongo', 'TZ.SI.BD'),
(1894, '', 'Matongoro', 'TZ.DO.KG'),
(1895, '', 'Mbalizi RD', 'TZ.MB.MR'),
(1896, '', 'Matui', 'TZ.MY.KI'),
(1897, '', 'Matuli', 'TZ.MO.MU'),
(1898, '', 'Matumbi', 'TZ.RV.SR'),
(1899, '', 'Matundasi', 'TZ.MB.CH'),
(1900, '', 'Matwiga', 'TZ.MB.CH'),
(1901, '', 'Maundo', 'TZ.MT.TA'),
(1902, '', 'Mwasanga', 'TZ.MB.MR'),
(1903, '', 'Mavanga', 'TZ.NJ.LU'),
(1904, '', 'Mawengi', 'TZ.NJ.LU'),
(1905, '', 'Maweni', 'TZ.TN.TA'),
(1906, '', 'Mawenzi', 'TZ.KL.MM'),
(1907, '', 'Mawindi', 'TZ.MB.MB'),
(1908, '', 'Mayanga', 'TZ.MT.MR'),
(1909, '', 'Mayo', 'TZ.TN.BU'),
(1910, '', 'Mayomboni', 'TZ.TN.MK'),
(1911, '', 'Mayondwe', 'TZ.KG.MU'),
(1912, '', 'Mazae', 'TZ.DO.MP'),
(1913, '', 'Mazimbu', 'TZ.MO.MR'),
(1914, '', 'Nonde', 'TZ.MB.MR'),
(1915, '', 'Mazingara', 'TZ.TN.HA'),
(1916, '', 'Nsoho', 'TZ.MB.MR'),
(1917, '', 'Sinde', 'TZ.MB.MR'),
(1918, '', 'Mazwi', 'TZ.RU.SU'),
(1919, '', 'Mbabala', 'TZ.DO.DO'),
(1920, '', 'Isebya', 'TZ.GE.MB'),
(1921, '', 'Mbaha', 'TZ.RV.NY'),
(1922, '', 'Mbalamaziwa', 'TZ.IG.MU'),
(1923, '', 'Mbalatse', 'TZ.NJ.MA'),
(1924, '', 'Mbalawala', 'TZ.DO.DO'),
(1925, '', 'Mgemo', 'TZ.GE.MB'),
(1926, '', 'Mbalibali', 'TZ.MA.SE'),
(1927, '', 'Halungu', 'TZ.SG.MD'),
(1928, '', 'Mbambabay', 'TZ.RV.NY'),
(1929, '', 'Igamba', 'TZ.SG.MD'),
(1930, '', 'Mbangamao', 'TZ.RV.MT'),
(1931, '', 'Mbanja', 'TZ.LI.LM'),
(1932, '', 'Mbaramo', 'TZ.TN.LU'),
(1933, '', 'Mbaramo', 'TZ.TN.LU'),
(1934, '', 'Mbarika', 'TZ.MZ.MI'),
(1935, '', 'Mbati', 'TZ.RV.TU'),
(1936, '', 'Mbawala', 'TZ.MT.MR'),
(1937, '', 'Mbaya', 'TZ.LI.LI'),
(1938, '', 'Ihanda', 'TZ.SG.MD'),
(1939, '', 'Mbede', 'TZ.KA.ML'),
(1940, '', 'Mbekenyera', 'TZ.LI.RU'),
(1941, '', 'Mbelekese', 'TZ.SD.IR'),
(1942, '', 'Mbembaleo', 'TZ.MT.NA'),
(1943, '', 'Mbesa', 'TZ.RV.TU'),
(1944, '', 'Mbezi', 'TZ.PW.MK'),
(1945, '', 'Ipunga', 'TZ.SG.MD'),
(1946, '', 'Isandula', 'TZ.SG.MD'),
(1947, '', 'Mbinga Mhalule', 'TZ.RV.SR'),
(1948, '', 'Mbinga Mjini', 'TZ.RV.MT'),
(1949, '', 'Mbingu', 'TZ.MO.KM'),
(1950, '', 'Mbita', 'TZ.SI.IT'),
(1951, '', 'Mbogi', 'TZ.MA.TA'),
(1952, '', 'Mbogwe', 'TZ.TB.NT'),
(1953, '', 'Mbogwe', 'TZ.GE.MB'),
(1954, '', 'Mbokomu', 'TZ.KL.MD'),
(1955, '', 'Mbomole', 'TZ.TN.MU'),
(1956, '', 'Mbondo', 'TZ.LI.NA'),
(1957, '', 'Mbuba', 'TZ.KG.NG'),
(1958, '', 'Mbuchi', 'TZ.PW.KD'),
(1959, '', 'Mbuga', 'TZ.DO.MP'),
(1960, '', 'Mbuga', 'TZ.MO.UL'),
(1961, '', 'Mbugani', 'TZ.MB.CH'),
(1962, '', 'Mbugani', 'TZ.TB.TA'),
(1963, '', 'Isansa', 'TZ.SG.MD'),
(1964, '', 'Mbuguni', 'TZ.AS.ME'),
(1965, '', 'Mbuji', 'TZ.RV.MB'),
(1966, '', 'Mbulumbulu', 'TZ.AS.KA'),
(1967, '', 'Mbumi', 'TZ.MO.KS'),
(1968, '', 'Itaka', 'TZ.SG.MD'),
(1969, '', 'Mbutu', 'TZ.TB.IG'),
(1970, '', 'Mbuyuni', 'TZ.MO.MR'),
(1971, '', 'Mbuyuni', 'TZ.MT.MA'),
(1972, '', 'Iyula', 'TZ.SG.MD'),
(1973, '', 'Mbuzii', 'TZ.TN.BU'),
(1974, '', 'Mlangali', 'TZ.SG.MD'),
(1975, '', 'Mbwara', 'TZ.PW.RU'),
(1976, '', 'Mbwawa', 'TZ.PW.KT'),
(1977, '', 'Mlowo', 'TZ.SG.MD'),
(1978, '', 'Mbwewe', 'TZ.PW.CH'),
(1979, '', 'Msia', 'TZ.SG.MD'),
(1980, '', 'Myovizi', 'TZ.SG.MD'),
(1981, '', 'Nambinzo', 'TZ.SG.MD'),
(1982, '', 'Nanyala', 'TZ.SG.MD'),
(1983, '', 'Nyambili', 'TZ.SG.MD'),
(1984, '', 'Mcharo', 'TZ.MA.BT'),
(1985, '', 'Mchauru', 'TZ.MT.MA'),
(1986, '', 'Mchemo', 'TZ.MT.NE'),
(1987, '', 'Mchesi', 'TZ.RV.TU'),
(1988, '', 'Vwawa', 'TZ.SG.MD'),
(1989, '', 'Mchichira', 'TZ.MT.TA'),
(1990, '', 'Mchinga', 'TZ.LI.LD'),
(1991, '', 'Mcholi I', 'TZ.MT.NT'),
(1992, '', 'Mcholi II', 'TZ.MT.NT'),
(1993, '', 'Mchombe', 'TZ.MO.KM'),
(1994, '', 'Mchomoro', 'TZ.RV.NA'),
(1995, '', 'Mchoteka', 'TZ.RV.TU'),
(1996, '', 'Mchukwi', 'TZ.PW.KD'),
(1997, '', 'Mchuluka', 'TZ.RV.TU'),
(1998, '', 'Mdabulo', 'TZ.IG.MU'),
(1999, '', 'Mdandu', 'TZ.NJ.WA'),
(2000, '', 'Mdoe', 'TZ.TN.HT'),
(2001, '', 'Melela', 'TZ.MO.MV'),
(2002, '', 'Nghoboko', 'TZ.SI.ME'),
(2003, '', 'Membe', 'TZ.DO.CW'),
(2004, '', 'Mengwe', 'TZ.KL.RO'),
(2005, '', 'Usariver', 'TZ.AS.ME'),
(2006, '', 'Merya', 'TZ.SD.SI'),
(2007, '', 'Meserani', 'TZ.AS.MO'),
(2008, '', 'Chimba', 'TZ.PN.MI'),
(2009, '', 'Mfaranyaki', 'TZ.RV.SU'),
(2010, '', 'Finya', 'TZ.PN.MI'),
(2011, '', 'Mfinga', 'TZ.RU.SR'),
(2012, '', 'Mfriga', 'TZ.NJ.NJ'),
(2013, '', 'Mfumbi', 'TZ.NJ.MA'),
(2014, '', 'Mfumuni', 'TZ.KL.MM'),
(2015, '', 'Mgagao', 'TZ.KL.MW'),
(2016, '', 'Mgama', 'TZ.IG.ID'),
(2017, '', 'Mgambo', 'TZ.TN.HA'),
(2018, '', 'Kifundi', 'TZ.PN.MI'),
(2019, '', 'Mgandu', 'TZ.SD.IT'),
(2020, '', 'Mganza', 'TZ.KM.UV'),
(2021, '', 'Kinowe', 'TZ.PN.MI'),
(2022, '', 'Kinyasini', 'TZ.PN.MI'),
(2023, '', 'Kiuyu Mbuyuni', 'TZ.PN.MI'),
(2024, '', 'Konde', 'TZ.PN.MI'),
(2025, '', 'Majenzi', 'TZ.PN.MI'),
(2026, '', 'Mgombasi', 'TZ.RV.NA'),
(2027, '', 'Mgongo', 'TZ.SD.IR'),
(2028, '', 'Mgori', 'TZ.SD.SI'),
(2029, '', 'Mgungira', 'TZ.SD.ID'),
(2030, '', 'Mgwashi', 'TZ.TN.BU'),
(2031, '', 'Mhamba', 'TZ.TN.MU'),
(2032, '', 'Mhande', 'TZ.MZ.KW'),
(2033, '', 'Makangale', 'TZ.PN.MI'),
(2034, '', 'Mhezi', 'TZ.KL.SA'),
(2035, '', 'Mhinduro', 'TZ.TN.MK'),
(2036, '', 'Mhonda', 'TZ.MO.MV'),
(2037, '', 'Mhongolo', 'TZ.SY.KA'),
(2038, '', 'Mhungula', 'TZ.SY.KA'),
(2039, '', 'Mhunze', 'TZ.SI.IT'),
(2040, '', 'Miangalua', 'TZ.RU.SR'),
(2041, '', 'Maziwa Ng''ombe', 'TZ.PN.MI'),
(2042, '', 'Miburani', 'TZ.PW.MA'),
(2043, '', 'Mgogoni', 'TZ.PN.MI'),
(2044, '', 'Micheweni', 'TZ.PN.MI'),
(2045, '', 'Michenjele', 'TZ.MT.TA'),
(2046, '', 'Mihogoni', 'TZ.PN.MI'),
(2047, '', 'Mjini Wingwi', 'TZ.PN.MI'),
(2048, '', 'Miembeni', 'TZ.KG.BM'),
(2049, '', 'Mlindo', 'TZ.PN.MI'),
(2050, '', 'Miganga', 'TZ.SD.MK'),
(2051, '', 'Migato', 'TZ.SI.IT'),
(2052, '', 'Migoli', 'TZ.IG.ID'),
(2053, '', 'Msuka Magharibi', 'TZ.PN.MI'),
(2054, '', 'Migongo', 'TZ.MT.MT'),
(2055, '', 'Miguruwe', 'TZ.LI.KI'),
(2056, '', 'Msuka Mashariki', 'TZ.PN.MI'),
(2057, '', 'Mihambwe', 'TZ.MT.TA'),
(2058, '', 'Mihingo', 'TZ.MA.BU'),
(2059, '', 'Mtemani', 'TZ.PN.MI'),
(2060, '', 'Mihumo', 'TZ.LI.LI'),
(2061, '', 'Shumba Mjini', 'TZ.PN.MI'),
(2062, '', 'Shumba Viamboni', 'TZ.PN.MI'),
(2063, '', 'Mikese', 'TZ.MO.MU'),
(2064, '', 'Sizini', 'TZ.PN.MI'),
(2065, '', 'Mikoni', 'TZ.KG.BD'),
(2066, '', 'Mikumbi', 'TZ.LI.LM'),
(2067, '', 'Mikumi', 'TZ.MO.KS'),
(2068, '', 'Mikunguni', 'TZ.TN.PA'),
(2069, '', 'Tondooni', 'TZ.PN.MI'),
(2070, '', 'Milambo', 'TZ.TB.KA'),
(2071, '', 'Milambo Itobo', 'TZ.TB.NZ'),
(2072, '', 'Tumbe Magharibi', 'TZ.PN.MI'),
(2073, '', 'Milanzi', 'TZ.RU.SU'),
(2074, '', 'Milepa', 'TZ.RU.SR'),
(2075, '', 'Tumbe Mashariki', 'TZ.PN.MI'),
(2076, '', 'Milo', 'TZ.NJ.LU'),
(2077, '', 'Milola', 'TZ.LI.LD'),
(2078, '', 'Wingwi Mapofu', 'TZ.PN.MI'),
(2079, '', 'Mima', 'TZ.DO.MP'),
(2080, '', 'Mindu', 'TZ.RV.TU'),
(2081, '', 'Minepa', 'TZ.MO.UL'),
(2082, '', 'Wingwi Mjananza', 'TZ.PN.MI'),
(2083, '', 'Wingwi Njuguni', 'TZ.PN.MI'),
(2084, '', 'Bugandika', 'TZ.KG.MI'),
(2085, '', 'Mingoyo', 'TZ.LI.LM'),
(2086, '', 'Mingumbi', 'TZ.LI.KI'),
(2087, '', 'Minyughe', 'TZ.SD.ID'),
(2088, '', 'Bugorora', 'TZ.KG.MI'),
(2089, '', 'Miono', 'TZ.PW.CH'),
(2090, '', 'Mipingo', 'TZ.LI.LD'),
(2091, '', 'Mirare', 'TZ.MA.RO'),
(2092, '', 'Buyango', 'TZ.KG.MI'),
(2093, '', 'Mirui', 'TZ.LI.LI'),
(2094, '', 'Mirwa', 'TZ.MA.BD'),
(2095, '', 'Misalai', 'TZ.TN.MU'),
(2096, '', 'Misechela', 'TZ.RV.TU'),
(2097, '', 'Misezero', 'TZ.KM.KI'),
(2098, '', 'Misha', 'TZ.TB.TA'),
(2099, '', 'Mishamo', 'TZ.KA.MD'),
(2100, '', 'Misheni', 'TZ.TB.SI'),
(2101, '', 'Misima', 'TZ.TN.HA'),
(2102, '', 'Misozwe', 'TZ.TN.MU'),
(2103, '', 'Misufini', 'TZ.RV.SU'),
(2104, '', 'Bwanjai', 'TZ.KG.MI'),
(2105, '', 'Misughaa', 'TZ.SD.ID'),
(2106, '', 'Misugusugu', 'TZ.PW.KT'),
(2107, '', 'Misuna', 'TZ.SD.SU'),
(2108, '', 'Misungwi', 'TZ.MZ.MI'),
(2109, '', 'Gera', 'TZ.KG.MI'),
(2110, '', 'Miswaki', 'TZ.TB.UY'),
(2111, '', 'Ishozi', 'TZ.KG.MI'),
(2112, '', 'Ishunju', 'TZ.KG.MI'),
(2113, '', 'Miteja', 'TZ.LI.KI'),
(2114, '', 'Kakunyu', 'TZ.KG.MI'),
(2115, '', 'Mitole', 'TZ.LI.KI'),
(2116, '', 'Mitundu', 'TZ.SD.IT'),
(2117, '', 'Kanyigo', 'TZ.KG.MI'),
(2118, '', 'Kashenye', 'TZ.KG.MI'),
(2119, '', 'Mivinjeni', 'TZ.IG.IM'),
(2120, '', 'Kassambya', 'TZ.KG.MI'),
(2121, '', 'Miyenze', 'TZ.TB.UY'),
(2122, '', 'Miyombweni', 'TZ.MB.MB'),
(2123, '', 'Miyuji', 'TZ.DO.DO'),
(2124, '', 'Mizibaziba', 'TZ.TB.NZ'),
(2125, '', 'Mjawa', 'TZ.PW.KD'),
(2126, '', 'Mji Mkuu', 'TZ.MO.MR'),
(2127, '', 'Mji Mpya', 'TZ.KL.MM'),
(2128, '', 'Mji Mpya', 'TZ.MO.MR'),
(2129, '', 'Kilimilil', 'TZ.KG.MI'),
(2130, '', 'Mjimwema', 'TZ.RV.SU'),
(2131, '', 'Mjimwema', 'TZ.NJ.NT'),
(2132, '', 'Mjimwema', 'TZ.NJ.NT'),
(2133, '', 'Mjini', 'TZ.RV.SU'),
(2134, '', 'Kitobo', 'TZ.KG.MI'),
(2135, '', 'Kyaka', 'TZ.KG.MI'),
(2136, '', 'Mabale', 'TZ.KG.MI'),
(2137, '', 'Mkako', 'TZ.RV.MB'),
(2138, '', 'Mkalamo', 'TZ.TN.PA'),
(2139, '', 'Mkalamo', 'TZ.TN.PA'),
(2140, '', 'Mkali', 'TZ.RU.KA'),
(2141, '', 'Mkamba', 'TZ.PW.MK'),
(2142, '', 'Mkambarani', 'TZ.MO.MU'),
(2143, '', 'Mkange', 'TZ.PW.CH'),
(2144, '', 'Mkata', 'TZ.TN.HA'),
(2145, '', 'Minziro', 'TZ.KG.MI'),
(2146, '', 'Mushasha', 'TZ.KG.MI'),
(2147, '', 'Mkigo', 'TZ.KM.KD'),
(2148, '', 'Mkindi', 'TZ.TN.KI'),
(2149, '', 'Mkinga', 'TZ.TN.MK'),
(2150, '', 'Mkiwa', 'TZ.SD.ID'),
(2151, '', 'Mkoka', 'TZ.DO.KG'),
(2152, '', 'Mkoka', 'TZ.LI.NA'),
(2153, '', 'Mutukula', 'TZ.KG.MI'),
(2154, '', 'Mkola', 'TZ.MB.CH'),
(2155, '', 'Nsunga', 'TZ.KG.MI'),
(2156, '', 'Mkoma', 'TZ.MA.RO'),
(2157, '', 'Mkoma II', 'TZ.MT.NE'),
(2158, '', 'Mkomaindo', 'TZ.MT.MT'),
(2159, '', 'Mkomazi', 'TZ.TN.KO'),
(2160, '', 'Mkongo', 'TZ.PW.RU'),
(2161, '', 'Mkongo', 'TZ.RV.NA'),
(2162, '', 'Mkongobaki', 'TZ.NJ.LU'),
(2163, '', 'Mkongoro', 'TZ.KM.KD'),
(2164, '', 'Mkongotema', 'TZ.RV.SR'),
(2165, '', 'Mkonjowano', 'TZ.MT.TA'),
(2166, '', 'Ruzinga', 'TZ.KG.MI'),
(2167, '', 'Mkonze', 'TZ.DO.DO'),
(2168, '', 'Mkoreha', 'TZ.MT.TA'),
(2169, '', 'Mkotokuyana', 'TZ.LI.NA'),
(2170, '', 'Mkowe', 'TZ.RU.KA'),
(2171, '', 'Mkula', 'TZ.MO.KM'),
(2172, '', 'Mkula', 'TZ.SI.BU'),
(2173, '', 'Mkulazi', 'TZ.MO.MU'),
(2174, '', 'Mkululu', 'TZ.MT.MA'),
(2175, '', 'Masasi', 'TZ.MZ.MI'),
(2176, '', 'Mkumbi', 'TZ.RV.MB'),
(2177, '', 'Amani', 'TZ.ZW.TO'),
(2178, '', 'Mkundi', 'TZ.MT.TA'),
(2179, '', 'Mkundi', 'TZ.MT.TA'),
(2180, '', 'Mkunya', 'TZ.MT.NT'),
(2181, '', 'Mkuranga', 'TZ.PW.MK'),
(2182, '', 'Mkutano', 'TZ.LI.LI'),
(2183, '', 'Mkuti', 'TZ.MT.MT'),
(2184, '', 'Mkuyuni', 'TZ.MO.MU'),
(2185, '', 'Chumbuni', 'TZ.ZW.TO'),
(2186, '', 'Mkuza', 'TZ.PW.KT'),
(2187, '', 'Mkuzi', 'TZ.TN.MU'),
(2188, '', 'Mkwaja', 'TZ.TN.PA'),
(2189, '', 'Gulioni', 'TZ.ZW.TO'),
(2190, '', 'Jang''ombe', 'TZ.ZW.TO'),
(2191, '', 'Mkwamba', 'TZ.RU.NK'),
(2192, '', 'Mkwatani', 'TZ.MO.KS'),
(2193, '', 'Mkwawa', 'TZ.IG.IM'),
(2194, '', 'Mkwedu', 'TZ.MT.NE'),
(2195, '', 'Mkwese', 'TZ.SD.MA'),
(2196, '', 'Mkwiti', 'TZ.MT.TA'),
(2197, '', 'Mlafu', 'TZ.IG.KI'),
(2198, '', 'Karakana', 'TZ.ZW.TO'),
(2199, '', 'Mlali', 'TZ.DO.KG'),
(2200, '', 'Mlali', 'TZ.MO.MV'),
(2201, '', 'Mlalo', 'TZ.TN.LU'),
(2202, '', 'Mlandege', 'TZ.IG.IM'),
(2203, '', 'Kidongo Chekundu', 'TZ.ZW.TO'),
(2204, '', 'Mlandizi', 'TZ.PW.KB'),
(2205, '', 'Kikwajuni Bondeni', 'TZ.ZW.TO'),
(2206, '', 'Mlangali', 'TZ.NJ.LU'),
(2207, '', 'Mlangarini', 'TZ.AS.AM'),
(2208, '', 'Mlanzi', 'TZ.PW.KD'),
(2209, '', 'Mlembwe', 'TZ.LI.LI'),
(2210, '', 'Mlenge', 'TZ.IG.ID'),
(2211, '', 'Mletele', 'TZ.RV.SU'),
(2212, '', 'Kikwajuni Juu', 'TZ.ZW.TO'),
(2213, '', 'Mlimani', 'TZ.MO.MR'),
(2214, '', 'Mlimba', 'TZ.MO.KM'),
(2215, '', 'Kilimahewa Bondeni', 'TZ.ZW.TO'),
(2216, '', 'Mlingano', 'TZ.TN.BU'),
(2217, '', 'Kilimahewa Juu', 'TZ.ZW.TO'),
(2218, '', 'Kilimani', 'TZ.ZW.TO'),
(2219, '', 'Mlingula', 'TZ.MT.MA'),
(2220, '', 'Mlola', 'TZ.TN.LU'),
(2221, '', 'Mlondwe', 'TZ.NJ.MA'),
(2222, '', 'Mlowa', 'TZ.IG.ID'),
(2223, '', 'Kiponda', 'TZ.ZW.TO'),
(2224, '', 'Mlowa Bwawani', 'TZ.DO.CW'),
(2225, '', 'Kisima Majongoo', 'TZ.ZW.TO'),
(2226, '', 'Mlunduzi', 'TZ.DO.MP'),
(2227, '', 'Mnacho', 'TZ.LI.RU'),
(2228, '', 'Kisiwandui', 'TZ.ZW.TO'),
(2229, '', 'Mnamba', 'TZ.RU.KA'),
(2230, '', 'Kwa Wazee', 'TZ.ZW.TO'),
(2231, '', 'Mnara', 'TZ.LI.LD'),
(2232, '', 'Mnavira', 'TZ.MT.MA'),
(2233, '', 'Mnazi', 'TZ.TN.LU'),
(2234, '', 'Mnekachi', 'TZ.MT.NT'),
(2235, '', 'Mnenia', 'TZ.DO.KD'),
(2236, '', 'Mng''aro', 'TZ.TN.LU'),
(2237, '', 'Mngazi', 'TZ.MO.MU'),
(2238, '', 'Mnima', 'TZ.MT.NA'),
(2239, '', 'Mninga', 'TZ.IG.MU'),
(2240, '', 'Mnolela', 'TZ.LI.LD'),
(2241, '', 'Mnyambe', 'TZ.MT.NE'),
(2242, '', 'Mnyawa', 'TZ.MT.TA'),
(2243, '', 'Mnyenzani', 'TZ.TN.MK'),
(2244, '', 'Kwaalimsha', 'TZ.ZW.TO'),
(2245, '', 'Mnyuzi', 'TZ.TN.KO'),
(2246, '', 'Moa', 'TZ.TN.MK'),
(2247, '', 'Mofu', 'TZ.MO.KM'),
(2248, '', 'Kwaalinatu', 'TZ.ZW.TO'),
(2249, '', 'Mogitu', 'TZ.MY.HA'),
(2250, '', 'Mogwa', 'TZ.TB.NZ'),
(2251, '', 'Moita', 'TZ.AS.MO'),
(2252, '', 'Moivo', 'TZ.AS.AM'),
(2253, '', 'Mole', 'TZ.TB.SI'),
(2254, '', 'Mollo', 'TZ.RU.SU'),
(2255, '', 'Kwahani', 'TZ.ZW.TO'),
(2256, '', 'Mombo', 'TZ.TN.KO'),
(2257, '', 'Mondo', 'TZ.DO.CB'),
(2258, '', 'Mondo', 'TZ.SY.KI'),
(2259, '', 'Mondo', 'TZ.SY.KI'),
(2260, '', 'Mondo', 'TZ.MZ.MI'),
(2261, '', 'Monduli juu', 'TZ.AS.MO'),
(2262, '', 'Monduli Mjini', 'TZ.AS.MO'),
(2263, '', 'Kwamtipura', 'TZ.ZW.TO'),
(2264, '', 'Moshono', 'TZ.AS.AS'),
(2265, '', 'Mosongo', 'TZ.MA.SE'),
(2266, '', 'Motamburu Kitendeni', 'TZ.KL.RO'),
(2267, '', 'Mpalanga', 'TZ.DO.BA'),
(2268, '', 'Mpale', 'TZ.TN.KO'),
(2269, '', 'Mpamantwa', 'TZ.DO.BA'),
(2270, '', 'Mpambala', 'TZ.SD.MK'),
(2271, '', 'Magomeni', 'TZ.ZW.TO'),
(2272, '', 'Makadara', 'TZ.ZW.TO'),
(2273, '', 'Malindi', 'TZ.ZW.TO'),
(2274, '', 'Matarumbeta', 'TZ.ZW.TO'),
(2275, '', 'Mpanga', 'TZ.IG.MU'),
(2276, '', 'Mpanyani', 'TZ.MT.MA'),
(2277, '', 'Mpapa', 'TZ.RV.MB'),
(2278, '', 'Mchangani', 'TZ.ZW.TO'),
(2279, '', 'Meya', 'TZ.ZW.TO'),
(2280, '', 'Mpapayu', 'TZ.TN.MU'),
(2281, '', 'Mpapura', 'TZ.MT.MR'),
(2282, '', 'Miembeni', 'TZ.ZW.TO'),
(2283, '', 'Mpendo', 'TZ.DO.CB'),
(2284, '', 'Mpepai', 'TZ.RV.MT'),
(2285, '', 'Mpigamiti', 'TZ.LI.LI'),
(2286, '', 'Mpindimbi', 'TZ.MT.MT'),
(2287, '', 'Mpindo', 'TZ.SI.MA'),
(2288, '', 'Mpinji', 'TZ.KL.SA'),
(2289, '', 'Mpiruka', 'TZ.LI.NA'),
(2290, '', 'Mpitimbi', 'TZ.RV.SR'),
(2291, '', 'Mpombo', 'TZ.MB.BU'),
(2292, '', 'Mpombwe', 'TZ.TB.SI'),
(2293, '', 'Mponde', 'TZ.TN.BU'),
(2294, '', 'Migombani', 'TZ.ZW.TO'),
(2295, '', 'Mpui', 'TZ.RU.SR'),
(2296, '', 'Mpunguzi', 'TZ.DO.DO'),
(2297, '', 'Mpunze', 'TZ.SY.US'),
(2298, '', 'Mputa', 'TZ.RV.NA'),
(2299, '', 'Mikunguni', 'TZ.ZW.TO'),
(2300, '', 'Mpwayungu', 'TZ.DO.CW'),
(2301, '', 'Mrama', 'TZ.SD.SI'),
(2302, '', 'Mrao Keryo', 'TZ.KL.RO'),
(2303, '', 'Mrijo', 'TZ.DO.CB'),
(2304, '', 'Msaada', 'TZ.DO.CB'),
(2305, '', 'Msalato', 'TZ.DO.DO'),
(2306, '', 'Msamala', 'TZ.RV.SU'),
(2307, '', 'Msamalo', 'TZ.DO.CW'),
(2308, '', 'Msambara', 'TZ.KM.KT'),
(2309, '', 'Mkele', 'TZ.ZW.TO'),
(2310, '', 'Msanda Muungano', 'TZ.RU.SR'),
(2311, '', 'Msanga', 'TZ.DO.CW'),
(2312, '', 'Msanga', 'TZ.PW.KS'),
(2313, '', 'Msanga Mkuu', 'TZ.MT.MR'),
(2314, '', 'Msangani', 'TZ.PW.KT'),
(2315, '', 'Mkunazini', 'TZ.ZW.TO'),
(2316, '', 'Msange', 'TZ.SD.SI'),
(2317, '', 'Msangeni', 'TZ.KL.MW'),
(2318, '', 'Msanja', 'TZ.TN.KI'),
(2319, '', 'Msanzi', 'TZ.RU.KA'),
(2320, '', 'Msaranga', 'TZ.KL.MM'),
(2321, '', 'Mlandege', 'TZ.ZW.TO'),
(2322, '', 'Mpendae', 'TZ.ZW.TO'),
(2323, '', 'Muembeshauri', 'TZ.ZW.TO'),
(2324, '', 'Msata', 'TZ.PW.CH'),
(2325, '', 'Mseke', 'TZ.IG.ID'),
(2326, '', 'Mshangano', 'TZ.RV.SU'),
(2327, '', 'Mshewa', 'TZ.KL.SA'),
(2328, '', 'Mshewe', 'TZ.MB.MU'),
(2329, '', 'Muembetanga', 'TZ.ZW.TO'),
(2330, '', 'Muungano', 'TZ.ZW.TO'),
(2331, '', 'Mwembe Makumbi', 'TZ.ZW.TO'),
(2332, '', 'Msimbu', 'TZ.PW.KS'),
(2333, '', 'Msindo', 'TZ.KL.SA'),
(2334, '', 'Msindo', 'TZ.RV.NA'),
(2335, '', 'Msingi', 'TZ.SD.MK'),
(2336, '', 'Msingisi', 'TZ.MO.GA'),
(2337, '', 'Mwembeladu', 'TZ.ZW.TO'),
(2338, '', 'Msisi', 'TZ.DO.BA'),
(2339, '', 'Msisi', 'TZ.SD.SI'),
(2340, '', 'Msitu wa Tembo', 'TZ.MY.SI'),
(2341, '', 'Msoga', 'TZ.PW.CH'),
(2342, '', 'Msogezi', 'TZ.MO.UL'),
(2343, '', 'Nyerere', 'TZ.ZW.TO'),
(2344, '', 'Msowero', 'TZ.MO.KS'),
(2345, '', 'Rahaleo', 'TZ.ZW.TO'),
(2346, '', 'Sebleni', 'TZ.ZW.TO'),
(2347, '', 'Mswaha', 'TZ.TN.KO'),
(2348, '', 'Mswakini', 'TZ.AS.MO'),
(2349, '', 'Mtae', 'TZ.TN.LU'),
(2350, '', 'Mtakuja', 'TZ.GE.GT'),
(2351, '', 'Mtama', 'TZ.LI.LD'),
(2352, '', 'Mtamaa', 'TZ.SD.SU'),
(2353, '', 'Mtambula', 'TZ.IG.MU'),
(2354, '', 'Shangani', 'TZ.ZW.TO'),
(2355, '', 'Shaurimoyo', 'TZ.ZW.TO'),
(2356, '', 'Mtanana', 'TZ.DO.KG'),
(2357, '', 'Mtanda', 'TZ.LI.LM'),
(2358, '', 'Mtandi', 'TZ.MT.MT'),
(2359, '', 'Mtanila', 'TZ.MB.CH'),
(2360, '', 'Mtapenda', 'TZ.KA.NS'),
(2361, '', 'Mtawanya', 'TZ.PW.KD'),
(2362, '', 'Mtego wa Noti', 'TZ.KM.UV'),
(2363, '', 'Mtekente', 'TZ.SD.IR'),
(2364, '', 'Sogea', 'TZ.ZW.TO'),
(2365, '', 'Urusi', 'TZ.ZW.TO'),
(2366, '', 'Mtendeni', 'TZ.TB.TA'),
(2367, '', 'Mtenga', 'TZ.RU.NK'),
(2368, '', 'Mtera', 'TZ.DO.MP'),
(2369, '', 'Mtibwa', 'TZ.MO.MV'),
(2370, '', 'Mtii', 'TZ.KL.SA'),
(2371, '', 'Mtimbira', 'TZ.MO.MA'),
(2372, '', 'Mtimbwani', 'TZ.TN.MK'),
(2373, '', 'Mtimbwilimbwi', 'TZ.MT.NA'),
(2374, '', 'Mtina', 'TZ.RV.TU'),
(2375, '', 'Mtindiro', 'TZ.TN.MU'),
(2376, '', 'Mtiniko', 'TZ.MT.NA'),
(2377, '', 'Mtinko', 'TZ.SD.SI'),
(2378, '', 'Mtipa', 'TZ.SD.SU'),
(2379, '', 'Mtipwili', 'TZ.RV.NY'),
(2380, '', 'Mtitaa', 'TZ.DO.BA'),
(2381, '', 'Mtitu', 'TZ.IG.KI'),
(2382, '', 'Mto wa Mbu', 'TZ.AS.MO'),
(2383, '', 'Vikokotoni', 'TZ.ZW.TO'),
(2384, '', 'Mtoa', 'TZ.SD.IR'),
(2385, '', 'Mtombozi', 'TZ.MO.MU'),
(2386, '', 'Mtonga', 'TZ.TN.KT'),
(2387, '', 'Mapatano', 'TZ.TN.MK'),
(2388, '', 'Mwarusembe', 'TZ.PW.MK'),
(2389, '', 'Ikuba', 'TZ.KA.ML'),
(2390, '', 'Mtonya', 'TZ.MT.NT'),
(2391, '', 'Mtonya', 'TZ.MT.NT'),
(2392, '', 'Kapalala', 'TZ.KA.ML'),
(2393, '', 'Magamba', 'TZ.KA.ML'),
(2394, '', 'Mtowisa', 'TZ.RU.SR'),
(2395, '', 'Mtua', 'TZ.LI.LD'),
(2396, '', 'Mtua', 'TZ.LI.LD'),
(2397, '', 'Urwira', 'TZ.KA.ML'),
(2398, '', 'Mtumba', 'TZ.DO.DO'),
(2399, '', 'Mtumbya', 'TZ.LI.LD'),
(2400, '', 'Mtunda', 'TZ.PW.KD'),
(2401, '', 'Mtunduru', 'TZ.SD.ID'),
(2402, '', 'Mtunguru', 'TZ.MT.NE'),
(2403, '', 'Mtwango', 'TZ.IG.MU'),
(2404, '', 'Mtwango', 'TZ.NJ.NJ'),
(2405, '', 'Mtwivila', 'TZ.IG.IM'),
(2406, '', 'Mtyangimbole', 'TZ.RV.SR'),
(2407, '', 'Mubunda', 'TZ.KG.MU'),
(2408, '', 'Mudida', 'TZ.SD.SI'),
(2409, '', 'Chilulumo', 'TZ.SG.MO'),
(2410, '', 'Chitete', 'TZ.SG.MO'),
(2411, '', 'Chiwezi', 'TZ.SG.MO'),
(2412, '', 'Mugango', 'TZ.MA.MR'),
(2413, '', 'Muganza', 'TZ.KM.KT'),
(2414, '', 'Muganza', 'TZ.KG.NG'),
(2415, '', 'Muganza', 'TZ.GE.CH'),
(2416, '', 'Mugera', 'TZ.KM.BU'),
(2417, '', 'Mugeta', 'TZ.MA.BU'),
(2418, '', 'Mughamo', 'TZ.SD.SI'),
(2419, '', 'Mughanga', 'TZ.SD.SU'),
(2420, '', 'Mughunga', 'TZ.SD.SI'),
(2421, '', 'Mugoma', 'TZ.KG.NG'),
(2422, '', 'Mugumu', 'TZ.MA.SE'),
(2423, '', 'Mugunzu', 'TZ.KM.KK'),
(2424, '', 'Muhalala', 'TZ.SD.MA'),
(2425, '', 'Muhange', 'TZ.KM.KK'),
(2426, '', 'Muhinda', 'TZ.KM.BU'),
(2427, '', 'Muhintiri', 'TZ.SD.ID'),
(2428, '', 'Muhugi', 'TZ.TB.NZ'),
(2429, '', 'Muhunga', 'TZ.KM.KT'),
(2430, '', 'Ivuna', 'TZ.SG.MO'),
(2431, '', 'Muhutwe', 'TZ.KG.MU'),
(2432, '', 'Muhuwesi', 'TZ.RV.TU'),
(2433, '', 'Mukituntu', 'TZ.MZ.UK'),
(2434, '', 'Muleba', 'TZ.KG.MU'),
(2435, '', 'Munanila', 'TZ.KM.BU'),
(2436, '', 'Mundarara', 'TZ.AS.LO'),
(2437, '', 'Mundemu', 'TZ.DO.BA'),
(2438, '', 'Mundindi', 'TZ.NJ.LU'),
(2439, '', 'Mungaa', 'TZ.SD.ID'),
(2440, '', 'Mungonya', 'TZ.KM.KD'),
(2441, '', 'Kamsamba', 'TZ.SG.MO'),
(2442, '', 'Munyegera', 'TZ.KM.BU'),
(2443, '', 'Munzeze', 'TZ.KM.BU'),
(2444, '', 'Murangi', 'TZ.MA.MR'),
(2445, '', 'Muriaza', 'TZ.MA.BD'),
(2446, '', 'Muriba', 'TZ.MA.TA'),
(2447, '', 'Muriti', 'TZ.MZ.UK'),
(2448, '', 'Murongo', 'TZ.KG.KY'),
(2449, '', 'Murray', 'TZ.MY.MT'),
(2450, '', 'Murufiti', 'TZ.KM.KT'),
(2451, '', 'Murukulazo', 'TZ.KG.NG'),
(2452, '', 'Murungu', 'TZ.KM.KI'),
(2453, '', 'Murusagamba', 'TZ.KG.NG'),
(2454, '', 'Murutunguru', 'TZ.MZ.UK'),
(2455, '', 'Mushabago', 'TZ.KG.MU'),
(2456, '', 'Kapele', 'TZ.SG.MO'),
(2457, '', 'Mussa', 'TZ.AS.AM'),
(2458, '', 'Mkulwe', 'TZ.SG.MO'),
(2459, '', 'Mpapa', 'TZ.SG.MO'),
(2460, '', 'Muungano', 'TZ.DO.CW'),
(2461, '', 'Muungano', 'TZ.MT.MR'),
(2462, '', 'Muungano', 'TZ.MB.KY'),
(2463, '', 'Muungano', 'TZ.TB.UR'),
(2464, '', 'Msangano', 'TZ.SG.MO'),
(2465, '', 'Myunga', 'TZ.SG.MO'),
(2466, '', 'Ndalembo', 'TZ.SG.MO'),
(2467, '', 'Nkangamo', 'TZ.SG.MO'),
(2468, '', 'Nzoka', 'TZ.SG.MO'),
(2469, '', 'Muyama', 'TZ.KM.BU'),
(2470, '', 'Bwaki la Chini', 'TZ.MO.MU'),
(2471, '', 'Kiwanja Cha Ndege', 'TZ.MO.MR'),
(2472, '', 'KiruaVunjo Magharibi', 'TZ.KL.MD'),
(2473, '', 'Muze', 'TZ.RU.SR'),
(2474, '', 'Muzye', 'TZ.KM.KA'),
(2475, '', 'Mvomero', 'TZ.MO.MV'),
(2476, '', 'Mvuha', 'TZ.MO.MU'),
(2477, '', 'Mvumi', 'TZ.SD.MA'),
(2478, '', 'Mvumi Makulu', 'TZ.DO.CW'),
(2479, '', 'Mvumi Mission', 'TZ.DO.CW'),
(2480, '', 'Mvungwe', 'TZ.TN.KI'),
(2481, '', 'Mwabomba', 'TZ.MZ.KW'),
(2482, '', 'Mwabuma', 'TZ.SI.ME'),
(2483, '', 'Mwabusalu', 'TZ.SI.ME'),
(2484, '', 'Mwabuzo', 'TZ.SI.ME'),
(2485, '', 'Mwada', 'TZ.MY.BA'),
(2486, '', 'KiruaVunjo Mashariki', 'TZ.KL.MD'),
(2487, '', 'Mwagi', 'TZ.MZ.KW'),
(2488, '', 'Mwika Kusini', 'TZ.KL.MD'),
(2489, '', 'MwikaKaskazini', 'TZ.KL.MD'),
(2490, '', 'Mwakibete', 'TZ.MB.MR'),
(2491, '', 'Mwakijembe', 'TZ.TN.MK'),
(2492, '', 'Miembeni', 'TZ.KL.MM'),
(2493, '', 'Mwakipoya', 'TZ.SY.KI'),
(2494, '', 'Mwakisandu', 'TZ.SI.ME'),
(2495, '', 'Mpanda Ndogo', 'TZ.KA.MD'),
(2496, '', 'Mwalugulu', 'TZ.SY.MS'),
(2497, '', 'Mwalukwa', 'TZ.SY.SR'),
(2498, '', 'Mwalushu', 'TZ.SI.IT'),
(2499, '', 'Mwamabanza', 'TZ.MZ.MA'),
(2500, '', 'Mwamagembe', 'TZ.SD.IT'),
(2501, '', 'Mwamala', 'TZ.TB.NZ'),
(2502, '', 'Mwamala', 'TZ.SY.SR'),
(2503, '', 'Mwamala', 'TZ.MZ.KW'),
(2504, '', 'Mwamalasa', 'TZ.SY.KI'),
(2505, '', 'Mwamalili', 'TZ.SY.SU'),
(2506, '', 'Mwamalole', 'TZ.SI.ME'),
(2507, '', 'Mwamanenge', 'TZ.SI.MA'),
(2508, '', 'Mwamanga', 'TZ.MZ.MA'),
(2509, '', 'Mwamanimba', 'TZ.SI.ME'),
(2510, '', 'Mwamanongu', 'TZ.SI.ME'),
(2511, '', 'Mwamanyili', 'TZ.SI.BU'),
(2512, '', 'Mwamapalala', 'TZ.SI.IT'),
(2513, '', 'Mwamapuli', 'TZ.KA.ML'),
(2514, '', 'Mwamashele', 'TZ.SY.KI'),
(2515, '', 'Mwamashiga', 'TZ.TB.IG'),
(2516, '', 'Ilembo', 'TZ.KA.MM'),
(2517, '', 'Mwamashimba', 'TZ.SI.MA'),
(2518, '', 'Kakese', 'TZ.KA.MM'),
(2519, '', 'Mwambao', 'TZ.PW.KD'),
(2520, '', 'Kashaulili', 'TZ.KA.MM'),
(2521, '', 'Mwamgongo', 'TZ.KM.KD'),
(2522, '', 'Mwamishali', 'TZ.SI.ME'),
(2523, '', 'Mwamtani', 'TZ.SI.IT'),
(2524, '', 'Kawajense', 'TZ.KA.MM'),
(2525, '', 'Makanyagio', 'TZ.KA.MM'),
(2526, '', 'Misunkumilo', 'TZ.KA.MM'),
(2527, '', 'Mwandeti', 'TZ.AS.AM'),
(2528, '', 'Mwandiga', 'TZ.KM.KD'),
(2529, '', 'Mwandoya', 'TZ.SI.ME'),
(2530, '', 'Mwandu', 'TZ.MZ.KW'),
(2531, '', 'Mwanga', 'TZ.KL.MW'),
(2532, '', 'Mwanga', 'TZ.SD.MK'),
(2533, '', 'Mwanga Kaskazini', 'TZ.KM.KM'),
(2534, '', 'Mwanga Kusini', 'TZ.KM.KM'),
(2535, '', 'Mwangata', 'TZ.IG.IM'),
(2536, '', 'Mwangeza', 'TZ.SD.MK'),
(2537, '', 'Mwang''halanga', 'TZ.MZ.KW'),
(2538, '', 'Mwang''honoli', 'TZ.SI.MA'),
(2539, '', 'Mwangoi', 'TZ.TN.LU'),
(2540, '', 'Mpanda Hotel', 'TZ.KA.MM'),
(2541, '', 'Mwangundo', 'TZ.SI.ME'),
(2542, '', 'Mwanhuzi', 'TZ.SI.ME'),
(2543, '', 'Mwaniko', 'TZ.KL.MW'),
(2544, '', 'Mwaniko', 'TZ.MZ.MI'),
(2545, '', 'Mwanjolo', 'TZ.SI.ME'),
(2546, '', 'Mwankoko', 'TZ.SD.SU'),
(2547, '', 'Mwankulwe', 'TZ.MZ.KW'),
(2548, '', 'Mwansekwa', 'TZ.MB.MR'),
(2549, '', 'Mwantini', 'TZ.SY.SR'),
(2550, '', 'Mwanyahina', 'TZ.SI.ME'),
(2551, '', 'Nsemulwa', 'TZ.KA.MM'),
(2552, '', 'Mwanzange', 'TZ.TN.TA'),
(2553, '', 'Mwaru', 'TZ.SD.ID'),
(2554, '', 'Shanwe', 'TZ.KA.MM'),
(2555, '', 'Lupeta', 'TZ.DO.MP'),
(2556, '', 'Mwasauya', 'TZ.SD.SI'),
(2557, '', 'Mwasengela', 'TZ.SI.ME'),
(2558, '', 'Mwaseni', 'TZ.PW.RU'),
(2559, '', 'Mwashiku', 'TZ.TB.IG'),
(2560, '', 'Mwaswale', 'TZ.SI.IT'),
(2561, '', 'Mwatenga', 'TZ.MB.MB'),
(2562, '', 'Mpwapwa', 'TZ.DO.MP'),
(2563, '', 'Mwaumatondo', 'TZ.SI.BD'),
(2564, '', 'Mwawaza', 'TZ.SY.SU'),
(2565, '', 'Mwaya', 'TZ.MO.KM'),
(2566, '', 'Mwaya', 'TZ.MB.KY'),
(2567, '', 'Mwayaya', 'TZ.KM.BU'),
(2568, '', 'Mwazye', 'TZ.RU.KA'),
(2569, '', 'Mwema', 'TZ.MA.TA'),
(2570, '', 'Mwembe', 'TZ.KL.SA'),
(2571, '', 'Vingh''awe', 'TZ.DO.MP'),
(2572, '', 'Milango Minne', 'TZ.MT.MR'),
(2573, '', 'Mwembenkoswe', 'TZ.RU.KA'),
(2574, '', 'Mwembesongo', 'TZ.MO.MR'),
(2575, '', 'Mwembetogwa', 'TZ.NJ.MT'),
(2576, '', 'Mwena', 'TZ.MT.MA'),
(2577, '', 'Mwendakulima', 'TZ.SY.KA'),
(2578, '', 'Kisungule', 'TZ.MT.MU'),
(2579, '', 'Mitengo', 'TZ.MT.MU'),
(2580, '', 'Mwenge', 'TZ.SY.SR'),
(2581, '', 'Mwenge Mtapika', 'TZ.MT.MT'),
(2582, '', 'Mwengemshindo', 'TZ.RV.SU'),
(2583, '', 'Mwera', 'TZ.TN.PA'),
(2584, '', 'Bumilayinga', 'TZ.IG.MU'),
(2585, '', 'Mwese', 'TZ.KA.MD'),
(2586, '', 'Igombavanu', 'TZ.IG.MU'),
(2587, '', 'Isalavanu', 'TZ.IG.MU'),
(2588, '', 'Mwimbi', 'TZ.RU.KA'),
(2589, '', 'Mwingiro', 'TZ.GE.NY'),
(2590, '', 'Mwisi', 'TZ.TB.IG'),
(2591, '', 'Mwitikira', 'TZ.DO.BA'),
(2592, '', 'Mwongozo', 'TZ.TB.KA'),
(2593, '', 'Myamba', 'TZ.KL.SA'),
(2594, '', 'Myangayanga', 'TZ.RV.MT'),
(2595, '', 'Luhanga', 'TZ.IG.MU'),
(2596, '', 'Genge', 'TZ.TN.MU'),
(2597, '', 'Kwemkabala', 'TZ.TN.MU'),
(2598, '', 'Mzenga', 'TZ.PW.KS'),
(2599, '', 'Lusanga', 'TZ.TN.MU'),
(2600, '', 'Mzinga', 'TZ.MO.MR'),
(2601, '', 'Mzingani', 'TZ.TN.TA'),
(2602, '', 'Mzizima', 'TZ.TN.TA'),
(2603, '', 'Mzumbe', 'TZ.MO.MV'),
(2604, '', 'Pande Darajani', 'TZ.TN.MU'),
(2605, '', 'Nachingwea', 'TZ.LI.LM'),
(2606, '', 'Nachingwea', 'TZ.LI.LM'),
(2607, '', 'Nachunyu', 'TZ.LI.LD'),
(2608, '', 'Nahasey', 'TZ.MY.MT'),
(2609, '', 'Nahukahuka', 'TZ.LI.LD'),
(2610, '', 'Nainokanoka', 'TZ.AS.NG'),
(2611, '', 'Naipanga', 'TZ.LI.NA'),
(2612, '', 'Naipingo', 'TZ.LI.NA'),
(2613, '', 'Naisinyai', 'TZ.MY.SI'),
(2614, '', 'Naiyobi', 'TZ.AS.NG'),
(2615, '', 'Nakahako', 'TZ.MT.NE'),
(2616, '', 'Nakapanya', 'TZ.RV.TU'),
(2617, '', 'Nakatunguru', 'TZ.MZ.UK'),
(2618, '', 'Tingeni', 'TZ.TN.MU'),
(2619, '', 'Nala', 'TZ.DO.DO'),
(2620, '', 'Nalasi Mashariki', 'TZ.RV.TU'),
(2621, '', 'Buhangaza', 'TZ.KG.MU'),
(2622, '', 'Naliendele', 'TZ.MT.MU'),
(2623, '', 'Namabengo', 'TZ.RV.NA'),
(2624, '', 'Namagondo', 'TZ.MZ.UK'),
(2625, '', 'Namajani', 'TZ.MT.MA'),
(2626, '', 'Namalenga', 'TZ.MT.MA'),
(2627, '', 'Namanga', 'TZ.AS.LO'),
(2628, '', 'Bureza', 'TZ.KG.MU'),
(2629, '', 'Namanyere', 'TZ.RU.NK'),
(2630, '', 'Namapwia', 'TZ.LI.NA'),
(2631, '', 'Namasakata', 'TZ.RV.TU'),
(2632, '', 'Burungura', 'TZ.KG.MU'),
(2633, '', 'Namatutwe', 'TZ.MT.MA'),
(2634, '', 'Nambahu', 'TZ.MT.TA'),
(2635, '', 'Nambali', 'TZ.MT.NE'),
(2636, '', 'Nambambo', 'TZ.LI.NA'),
(2637, '', 'Nambilanje', 'TZ.LI.RU'),
(2638, '', 'Goziba', 'TZ.KG.MU'),
(2639, '', 'Ibuga', 'TZ.KG.MU'),
(2640, '', 'Ijumbi', 'TZ.KG.MU'),
(2641, '', 'Namhula', 'TZ.MA.BU'),
(2642, '', 'Namichiga', 'TZ.LI.RU'),
(2643, '', 'Namikango', 'TZ.LI.NA'),
(2644, '', 'Namikupa', 'TZ.MT.TA'),
(2645, '', 'Namilembe', 'TZ.MZ.UK'),
(2646, '', 'Namiungo', 'TZ.RV.TU'),
(2647, '', 'Namiyonga', 'TZ.MT.NT'),
(2648, '', 'Ikondo', 'TZ.KG.MU'),
(2649, '', 'Namonge', 'TZ.GE.BU'),
(2650, '', 'Nampindi', 'TZ.MA.BU'),
(2651, '', 'Nampungu', 'TZ.RV.TU'),
(2652, '', 'Namswea', 'TZ.RV.MB'),
(2653, '', 'Namtumbo', 'TZ.RV.NA'),
(2654, '', 'Namtumbuka', 'TZ.MT.NA'),
(2655, '', 'Namupa', 'TZ.LI.LD'),
(2656, '', 'Namwinyu', 'TZ.RV.TU'),
(2657, '', 'Nanda', 'TZ.GE.MB'),
(2658, '', 'Nandagala', 'TZ.LI.RU'),
(2659, '', 'Nandembo', 'TZ.RV.TU'),
(2660, '', 'Kikuku', 'TZ.KG.MU'),
(2661, '', 'Nandwahi', 'TZ.MT.NE'),
(2662, '', 'Nanga', 'TZ.TB.IG'),
(2663, '', 'Mafumbo', 'TZ.KG.MU'),
(2664, '', 'Nanganga', 'TZ.LI.RU'),
(2665, '', 'Nanganga', 'TZ.MT.MA'),
(2666, '', 'Nangano', 'TZ.LI.LI'),
(2667, '', 'Magata (Karutanga)', 'TZ.KG.MU'),
(2668, '', 'Nangaru', 'TZ.LI.LD'),
(2669, '', 'Mazinga', 'TZ.KG.MU'),
(2670, '', 'Nangowe', 'TZ.LI.NA'),
(2671, '', 'Nanguruwe', 'TZ.MT.NT'),
(2672, '', 'Nanguruwe', 'TZ.MT.NT'),
(2673, '', 'Nangwa', 'TZ.MY.HA'),
(2674, '', 'Nanhyanga', 'TZ.MT.TA'),
(2675, '', 'Nanjara Reha', 'TZ.KL.RO'),
(2676, '', 'Nanjirinji', 'TZ.LI.KI'),
(2677, '', 'Nyakatanga', 'TZ.KG.MU'),
(2678, '', 'Nanjota', 'TZ.MT.MA'),
(2679, '', 'Nansimo', 'TZ.MA.BU'),
(2680, '', 'Nansio', 'TZ.MZ.UK'),
(2681, '', 'Rulanda', 'TZ.KG.MU'),
(2682, '', 'Nanyamba', 'TZ.MT.NA'),
(2683, '', 'Rutoro', 'TZ.KG.MU'),
(2684, '', 'Kigoningoni', 'TZ.KL.MW'),
(2685, '', 'Naputa', 'TZ.MT.TA'),
(2686, '', 'Kilima Rondo', 'TZ.LI.NA'),
(2687, '', 'Kilimanihewa', 'TZ.LI.NA'),
(2688, '', 'Nata', 'TZ.TB.NZ'),
(2689, '', 'Natta', 'TZ.MA.SE'),
(2690, '', 'Naumbu', 'TZ.MT.MR'),
(2691, '', 'Navanga', 'TZ.LI.LD'),
(2692, '', 'Ndago', 'TZ.SD.IR'),
(2693, '', 'Ndagoni', 'TZ.PW.MA'),
(2694, '', 'Kipara Mnero', 'TZ.LI.NA'),
(2695, '', 'Ndala', 'TZ.TB.NZ'),
(2696, '', 'Ndala', 'TZ.SY.SU'),
(2697, '', 'Minero Miembeni', 'TZ.LI.NA'),
(2698, '', 'Minerongongo', 'TZ.LI.NA'),
(2699, '', 'Ndedo', 'TZ.MY.KI'),
(2700, '', 'Namatula', 'TZ.LI.NA'),
(2701, '', 'Ndembezi', 'TZ.SY.SU'),
(2702, '', 'Ndevelwa', 'TZ.TB.TA'),
(2703, '', 'Litola', 'TZ.RV.NA'),
(2704, '', 'Chipuputa', 'TZ.MT.ND'),
(2705, '', 'Ndilimalitembo', 'TZ.RV.SU'),
(2706, '', 'Nditi', 'TZ.LI.NA'),
(2707, '', 'Ndobo', 'TZ.MB.KY'),
(2708, '', 'Likokona', 'TZ.MT.ND'),
(2709, '', 'Ndolelezi', 'TZ.SI.IT'),
(2710, '', 'Ndolwa', 'TZ.TN.HA'),
(2711, '', 'Ndomoni', 'TZ.LI.NA'),
(2712, '', 'Ndongosi', 'TZ.RV.SR'),
(2713, '', 'Ndono', 'TZ.TB.UY'),
(2714, '', 'Lumesule', 'TZ.MT.ND'),
(2715, '', 'Mangaka', 'TZ.MT.ND'),
(2716, '', 'Nduguti', 'TZ.SD.MK'),
(2717, '', 'Nduli', 'TZ.IG.ID'),
(2718, '', 'Nduli', 'TZ.IG.ID'),
(2719, '', 'Ndulungu', 'TZ.SD.IR'),
(2720, '', 'Ndumbwe', 'TZ.MT.MR'),
(2721, '', 'Maratani', 'TZ.MT.ND'),
(2722, '', 'Ndungu', 'TZ.KL.SA'),
(2723, '', 'Nduruma', 'TZ.AS.AM'),
(2724, '', 'Nduruma', 'TZ.MZ.UK'),
(2725, '', 'Negero', 'TZ.TN.KI'),
(2726, '', 'Masuguru', 'TZ.MT.ND'),
(2727, '', 'Neruma', 'TZ.MA.BU'),
(2728, '', 'Ng`ambo', 'TZ.TB.TA'),
(2729, '', 'Ng''ambo', 'TZ.KL.MM'),
(2730, '', 'Mikangaula', 'TZ.MT.ND'),
(2731, '', 'Mkonona', 'TZ.MT.ND'),
(2732, '', 'Ngamiani Kaskazini', 'TZ.TN.TA'),
(2733, '', 'Ngamiani Kati', 'TZ.TN.TA'),
(2734, '', 'Ngamiani Kusini', 'TZ.TN.TA'),
(2735, '', 'Ngana', 'TZ.MB.KY'),
(2736, '', 'Mnanje', 'TZ.MT.ND'),
(2737, '', 'Ng''ang''ange', 'TZ.IG.KI'),
(2738, '', 'Nandete', 'TZ.MT.ND'),
(2739, '', 'Ngapa', 'TZ.RV.TU'),
(2740, '', 'Nangomba', 'TZ.MT.ND'),
(2741, '', 'Ngara Mjini', 'TZ.KG.NG'),
(2742, '', 'Ngarambe', 'TZ.PW.RU'),
(2743, '', 'Ngarenairobi', 'TZ.KL.SI'),
(2744, '', 'Ngarenanyuki', 'TZ.AS.ME'),
(2745, '', 'Ngarenaro', 'TZ.AS.AS'),
(2746, '', 'Ngasamo', 'TZ.SI.BU'),
(2747, '', 'Nanyumbu', 'TZ.MT.ND'),
(2748, '', 'Ngenge', 'TZ.KG.MU'),
(2749, '', 'Ngerengere', 'TZ.MO.MU'),
(2750, '', 'Nghambaku', 'TZ.DO.CW'),
(2751, '', 'Nghambi', 'TZ.DO.MP'),
(2752, '', 'Ng''haya', 'TZ.MZ.MA'),
(2753, '', 'Napacho', 'TZ.MT.ND'),
(2754, '', 'Ng''homolwa', 'TZ.GE.MB'),
(2755, '', 'Sengenya', 'TZ.MT.ND'),
(2756, '', 'Nghumbi', 'TZ.DO.KG'),
(2757, '', 'Ng''hundi', 'TZ.MZ.KW'),
(2758, '', 'Ngima', 'TZ.RV.MB'),
(2759, '', 'Ngimu', 'TZ.SD.SI'),
(2760, '', 'Ngofila', 'TZ.SY.KI'),
(2761, '', 'Ngogwa', 'TZ.SY.KA'),
(2762, '', 'Ngoheranga', 'TZ.MO.MA'),
(2763, '', 'Ngoma', 'TZ.MZ.UK'),
(2764, '', 'Ngomai', 'TZ.DO.KG'),
(2765, '', 'Ngombezi', 'TZ.TN.KT'),
(2766, '', 'Ngomeni', 'TZ.TN.MU'),
(2767, '', 'Ngonga', 'TZ.MB.KY'),
(2768, '', 'Ngongowele', 'TZ.LI.LI'),
(2769, '', 'Ngorika', 'TZ.MY.SI'),
(2770, '', 'Ngorongo', 'TZ.PW.RU'),
(2771, '', 'Ngorongoro', 'TZ.AS.NG'),
(2772, '', 'Ngoyoni', 'TZ.KL.RO'),
(2773, '', 'Ngoywa', 'TZ.TB.SI'),
(2774, '', 'Ngudu', 'TZ.MZ.KW'),
(2775, '', 'Ngujini', 'TZ.KL.MW'),
(2776, '', 'Nguliguli', 'TZ.SI.MA'),
(2777, '', 'Ngulla', 'TZ.MZ.KW'),
(2778, '', 'Ngulu', 'TZ.TB.IG'),
(2779, '', 'Endulen', 'TZ.AS.NG'),
(2780, '', 'Engusero Sambu', 'TZ.AS.NG'),
(2781, '', 'Ngumbo', 'TZ.RV.NY'),
(2782, '', 'Ngunja', 'TZ.MT.TA'),
(2783, '', 'Ng''uruhe', 'TZ.IG.KI'),
(2784, '', 'Nguruka', 'TZ.KM.UV'),
(2785, '', 'Nguvumali', 'TZ.TN.TA'),
(2786, '', 'Nguvumoja', 'TZ.TB.IG'),
(2787, '', 'Oldonyo Sambu', 'TZ.AS.NG'),
(2788, '', 'Ngwelo', 'TZ.TN.LU'),
(2789, '', 'Ng''wigwa', 'TZ.SI.MA'),
(2790, '', 'Nhinhi', 'TZ.DO.CW'),
(2791, '', 'Nhobora', 'TZ.SI.IT'),
(2792, '', 'Nhundulu', 'TZ.MZ.MI'),
(2793, '', 'Ninde', 'TZ.RU.NK'),
(2794, '', 'Ninga', 'TZ.NJ.NJ'),
(2795, '', 'Nitekela', 'TZ.MT.NA'),
(2796, '', 'Njengwa', 'TZ.MT.NA'),
(2797, '', 'Njia nne', 'TZ.PW.MK'),
(2798, '', 'Soitsambu', 'TZ.AS.NG'),
(2799, '', 'Njinjo', 'TZ.LI.KI'),
(2800, '', 'Njoge', 'TZ.DO.KG'),
(2801, '', 'Njombe Mjini', 'TZ.NJ.NT'),
(2802, '', 'Njoro', 'TZ.KL.MM'),
(2803, '', 'Njoro', 'TZ.KL.MM'),
(2804, '', 'Nkaiti', 'TZ.MY.BA'),
(2805, '', 'Nkalalo', 'TZ.MZ.KW'),
(2806, '', 'Nkandasi', 'TZ.RU.NK'),
(2807, '', 'Nkilizya', 'TZ.MZ.UK'),
(2808, '', 'Nkindwabiye', 'TZ.SI.BD'),
(2809, '', 'Nkinga', 'TZ.TB.IG'),
(2810, '', 'Nkiniziwa', 'TZ.TB.NZ'),
(2811, '', 'Nkinto', 'TZ.SD.MK'),
(2812, '', 'Nkoanrua', 'TZ.AS.ME'),
(2813, '', 'Nkoaranga', 'TZ.AS.ME'),
(2814, '', 'Nkoarisambu', 'TZ.AS.ME'),
(2815, '', 'Nkololo', 'TZ.SI.BD'),
(2816, '', 'Nkoma', 'TZ.SI.IT'),
(2817, '', 'Nkoma', 'TZ.SI.IT'),
(2818, '', 'Nkomang''ombe', 'TZ.NJ.LU'),
(2819, '', 'Nkome', 'TZ.GE.GD'),
(2820, '', 'Nkomolo', 'TZ.RU.NK'),
(2821, '', 'Nkongoi', 'TZ.TN.BU'),
(2822, '', 'Nkonko', 'TZ.SD.MA'),
(2823, '', 'Nkowe', 'TZ.LI.RU'),
(2824, '', 'Nkumba', 'TZ.TN.MU'),
(2825, '', 'Nkunga', 'TZ.MB.RU'),
(2826, '', 'Nkungulu', 'TZ.MZ.MA'),
(2827, '', 'Nkuyu', 'TZ.SI.IT'),
(2828, '', 'Nkwenda', 'TZ.KG.KY'),
(2829, '', 'Nondwa', 'TZ.DO.BA'),
(2830, '', 'Nongwe', 'TZ.MO.GA'),
(2831, '', 'Nsalaga', 'TZ.MB.MR'),
(2832, '', 'Nsalala', 'TZ.MB.MU'),
(2833, '', 'Nsenda', 'TZ.TB.UR'),
(2834, '', 'Nsenkwa', 'TZ.KA.ML'),
(2835, '', 'Nshamba', 'TZ.KG.MU'),
(2836, '', 'Nshambya', 'TZ.KG.BM'),
(2837, '', 'Nsimbo', 'TZ.TB.UY'),
(2838, '', 'Nsimbo', 'TZ.KA.NS'),
(2839, '', 'Nsololo', 'TZ.TB.UY'),
(2840, '', 'Ntalikwa', 'TZ.TB.TA'),
(2841, '', 'Ntendo', 'TZ.RU.SU'),
(2842, '', 'Ntobeye', 'TZ.KG.NG'),
(2843, '', 'Ntobo', 'TZ.TB.IG'),
(2844, '', 'Ntobo', 'TZ.SY.MS'),
(2845, '', 'Ntonge', 'TZ.SD.SI'),
(2846, '', 'Ntuntu', 'TZ.SD.ID'),
(2847, '', 'Ntwike', 'TZ.SD.IR'),
(2848, '', 'Ntyuka', 'TZ.DO.DO'),
(2849, '', 'Nyabibuye', 'TZ.KM.KK'),
(2850, '', 'Nyabiyonza', 'TZ.KG.KA'),
(2851, '', 'Nyabubinza', 'TZ.SI.MA'),
(2852, '', 'Nyabusozi', 'TZ.KG.BI'),
(2853, '', 'Nyachenda', 'TZ.KM.KA'),
(2854, '', 'Nyachiluluma', 'TZ.GE.GD'),
(2855, '', 'Nyahongo', 'TZ.MA.RO'),
(2856, '', 'Nyaishozi', 'TZ.KG.KA'),
(2857, '', 'Nyakabanga', 'TZ.KG.KA'),
(2858, '', 'Nyakabango', 'TZ.KG.MU'),
(2859, '', 'Nyakabindi', 'TZ.SI.BA'),
(2860, '', 'Nyakafulu', 'TZ.GE.MB'),
(2861, '', 'Nyakagomba', 'TZ.GE.GD'),
(2862, '', 'Nyakahanga', 'TZ.KG.KA'),
(2863, '', 'Nyakahura', 'TZ.KG.BI'),
(2864, '', 'Nyakakika', 'TZ.KG.KA'),
(2865, '', 'Nyakaliro', 'TZ.MZ.BU'),
(2866, '', 'Nyakamwaga', 'TZ.GE.GD'),
(2867, '', 'Nyakasasa', 'TZ.MZ.BU'),
(2868, '', 'Nyakasimbi', 'TZ.KG.KA'),
(2869, '', 'Nyakato', 'TZ.KG.BD'),
(2870, '', 'Nyakato', 'TZ.MZ.IL'),
(2871, '', 'Nyakatuntu', 'TZ.KG.KY'),
(2872, '', 'Nyakibimbili', 'TZ.KG.BD'),
(2873, '', 'Nyakisasa', 'TZ.KG.NG'),
(2874, '', 'Nyakitonto', 'TZ.KM.KA'),
(2875, '', 'Nyakonga', 'TZ.MA.TA'),
(2876, '', 'Izunya', 'TZ.GE.NY'),
(2877, '', 'Nyaluhande', 'TZ.SI.BU'),
(2878, '', 'Nyalumbu', 'TZ.IG.KI'),
(2879, '', 'Kakura', 'TZ.GE.NY'),
(2880, '', 'Nyamagaro', 'TZ.MA.RO'),
(2881, '', 'Nyamahanga', 'TZ.KG.BI'),
(2882, '', 'Nyamalapa', 'TZ.SI.IT'),
(2883, '', 'Nyamalimbe', 'TZ.GE.GD'),
(2884, '', 'Nyamalogo', 'TZ.SY.SR'),
(2885, '', 'Nyamanga', 'TZ.MZ.UK'),
(2886, '', 'Nyamang''uta', 'TZ.MA.BU'),
(2887, '', 'Nyamanoro', 'TZ.MZ.IL'),
(2888, '', 'Nyabulanda', 'TZ.GE.NY'),
(2889, '', 'Nyamaranga', 'TZ.MA.TA'),
(2890, '', 'Nyamatare', 'TZ.MA.MU'),
(2891, '', 'Nyamato', 'TZ.PW.MK'),
(2892, '', 'Nyamatongo', 'TZ.MZ.SE'),
(2893, '', 'Nyamazugo', 'TZ.MZ.SE'),
(2894, '', 'Nyambiti', 'TZ.MZ.KW'),
(2895, '', 'Nyambono', 'TZ.MA.MR'),
(2896, '', 'Nyambureti', 'TZ.MA.SE'),
(2897, '', 'Nyamidaho', 'TZ.KM.KA'),
(2898, '', 'Nyamigogo', 'TZ.KG.BI'),
(2899, '', 'Nyamigota', 'TZ.GE.GD'),
(2900, '', 'Nyamilama', 'TZ.MZ.KW'),
(2901, '', 'Nyamimange', 'TZ.MA.BD'),
(2902, '', 'Nyamirembe', 'TZ.GE.CH'),
(2903, '', 'Nyamisangura', 'TZ.MA.TT'),
(2904, '', 'Nyamiyaga', 'TZ.KG.NG'),
(2905, '', 'Nyamnyusi', 'TZ.KM.KA'),
(2906, '', 'Nyamoko', 'TZ.MA.SE'),
(2907, '', 'Nyampande', 'TZ.MZ.SE'),
(2908, '', 'Nyampulukano', 'TZ.MZ.SE'),
(2909, '', 'Nyamrandirira', 'TZ.MA.MR'),
(2910, '', 'Nyamtinga', 'TZ.MA.RO'),
(2911, '', 'Nyamtukuza', 'TZ.KM.KK'),
(2912, '', 'Nyamugali', 'TZ.KM.BU'),
(2913, '', 'Nyamunga', 'TZ.MA.RO'),
(2914, '', 'Nyamuswa', 'TZ.MA.BU'),
(2915, '', 'Nyamwaga', 'TZ.MA.TA'),
(2916, '', 'Nyandekwa', 'TZ.SY.KA'),
(2917, '', 'Nyandoto', 'TZ.MA.TT'),
(2918, '', 'Nyangamara', 'TZ.LI.LD'),
(2919, '', 'Nyangao', 'TZ.LI.LD'),
(2920, '', 'Nyang''hwale', 'TZ.GE.NY'),
(2921, '', 'Nyangokolwa', 'TZ.SI.BA'),
(2922, '', 'Nyang''oro', 'TZ.IG.ID'),
(2923, '', 'Nyanguge', 'TZ.MZ.MA'),
(2924, '', 'Nyankanga', 'TZ.MA.BD'),
(2925, '', 'Nyankende', 'TZ.SY.US'),
(2926, '', 'Nyansha', 'TZ.KM.KT'),
(2927, '', 'Nyansurura', 'TZ.MA.SE'),
(2928, '', 'Nyantakara', 'TZ.KG.BI'),
(2929, '', 'Nyanzenda', 'TZ.MZ.BU'),
(2930, '', 'Nyarero', 'TZ.MA.TA'),
(2931, '', 'Nyarokoba', 'TZ.MA.TA'),
(2932, '', 'Nyarubungo', 'TZ.KG.BI'),
(2933, '', 'Nyarugusu', 'TZ.GE.GD'),
(2934, '', 'Nyarutembo', 'TZ.GE.CH'),
(2935, '', 'Nyasa', 'TZ.MT.MT'),
(2936, '', 'Nyasato', 'TZ.GE.MB'),
(2937, '', 'Nyasubi', 'TZ.SY.KA'),
(2938, '', 'Nyasura', 'TZ.MA.BT'),
(2939, '', 'Nyathorogo', 'TZ.MA.RO'),
(2940, '', 'Nyatukala', 'TZ.MZ.SE'),
(2941, '', 'Nyehunge', 'TZ.MZ.BU'),
(2942, '', 'Nyengedi', 'TZ.LI.LD'),
(2943, '', 'Nyigogo', 'TZ.MZ.MA'),
(2944, '', 'Nyihogo', 'TZ.SY.KA'),
(2945, '', 'Nyijundu', 'TZ.GE.NY'),
(2946, '', 'Nyololo', 'TZ.IG.MU'),
(2947, '', 'Nyoni', 'TZ.RV.MB'),
(2948, '', 'Nyugwa', 'TZ.GE.NY'),
(2949, '', 'Nyumbigwa', 'TZ.KM.KT'),
(2950, '', 'Nzega Mjini', 'TZ.TB.NT'),
(2951, '', 'Nzera', 'TZ.GE.GD'),
(2952, '', 'Nzihi', 'TZ.IG.ID'),
(2953, '', 'Nzovwe', 'TZ.MB.MR'),
(2954, '', 'Nzuguni', 'TZ.DO.DO'),
(2955, '', 'Okaoni', 'TZ.KL.MD'),
(2956, '', 'Olasiti', 'TZ.AS.AS'),
(2957, '', 'Olbalbal', 'TZ.AS.NG'),
(2958, '', 'Old Korogwe', 'TZ.TN.KT'),
(2959, '', 'Old Moshi Magharibi', 'TZ.KL.MD'),
(2960, '', 'Old Moshi Mashariki', 'TZ.KL.MD'),
(2961, '', 'Old Shinyanga', 'TZ.SY.SU'),
(2962, '', 'Oldean', 'TZ.AS.KA'),
(2963, '', 'Marangu Kitowo', 'TZ.KL.RO'),
(2964, '', 'Narung''ombe', 'TZ.LI.RU'),
(2965, '', 'Olele', 'TZ.KL.RO'),
(2966, '', 'Oljoro', 'TZ.AS.AM'),
(2967, '', 'Ruangwa', 'TZ.LI.RU'),
(2968, '', 'Olkokola', 'TZ.AS.AM'),
(2969, '', 'Olkolili', 'TZ.KL.SI'),
(2970, '', 'Olmolog', 'TZ.AS.LO'),
(2971, '', 'Olmotonyi', 'TZ.AS.AM'),
(2972, '', 'Oloipiri', 'TZ.AS.NG'),
(2973, '', 'Oloirien', 'TZ.AS.AS'),
(2974, '', 'Mgomba', 'TZ.PW.RU'),
(2975, '', 'Ololosokwan', 'TZ.AS.NG'),
(2976, '', 'Olorieni', 'TZ.AS.AM'),
(2977, '', 'Oltoroto', 'TZ.AS.AM'),
(2978, '', 'Oltrumet', 'TZ.AS.AM'),
(2979, '', 'Umwe', 'TZ.PW.RU'),
(2980, '', 'Orgosorok', 'TZ.AS.NG'),
(2981, '', 'Kikole', 'TZ.MB.RU'),
(2982, '', 'Ovada', 'TZ.DO.CB'),
(2983, '', 'Mpuguso', 'TZ.MB.RU'),
(2984, '', 'Pagwi', 'TZ.TN.KI'),
(2985, '', 'Pahi', 'TZ.DO.KD'),
(2986, '', 'Msasani', 'TZ.MB.RU'),
(2987, '', 'Kisima', 'TZ.KL.SA'),
(2988, '', 'Lugulu', 'TZ.KL.SA'),
(2989, '', 'Pandagichiza', 'TZ.SY.SR'),
(2990, '', 'Pandambili', 'TZ.DO.KG'),
(2991, '', 'Chifumfu', 'TZ.MZ.SE'),
(2992, '', 'Mwambului', 'TZ.MZ.SE'),
(2993, '', 'Nyakasunga', 'TZ.MZ.SE'),
(2994, '', 'Pangale', 'TZ.TB.SI'),
(2995, '', 'Pangani', 'TZ.PW.KT'),
(2996, '', 'Pangani Magharibi', 'TZ.TN.PA'),
(2997, '', 'Pangani Mashariki', 'TZ.TN.PA'),
(2998, '', 'Pangatena', 'TZ.LI.LD'),
(2999, '', 'Morotonga', 'TZ.MA.SE'),
(3000, '', 'Uwanja wa Ndege', 'TZ.MA.SE'),
(3001, '', 'Panzuo', 'TZ.PW.MK'),
(3002, '', 'Paranga', 'TZ.DO.CB'),
(3003, '', 'Partimbo', 'TZ.MY.KI'),
(3004, '', 'Parungu Kasera', 'TZ.TN.MK'),
(3005, '', 'Pasiansi', 'TZ.MZ.IL'),
(3006, '', 'Pasua', 'TZ.KL.MM'),
(3007, '', 'Pemba', 'TZ.MA.TA'),
(3008, '', 'Mwakitolyoo', 'TZ.SY.SR'),
(3009, '', 'Nsalala', 'TZ.SY.SR'),
(3010, '', 'Nyida', 'TZ.SY.SR'),
(3011, '', 'Peramiho', 'TZ.RV.SR'),
(3012, '', 'Lubaga', 'TZ.SY.SU'),
(3013, '', 'Picha ya Ndege', 'TZ.PW.KT'),
(3014, '', 'Masekelo', 'TZ.SY.SU'),
(3015, '', 'Pinyinyi', 'TZ.AS.NG'),
(3016, '', 'Ngokolo', 'TZ.SY.SU'),
(3017, '', 'Pito', 'TZ.RU.SU'),
(3018, '', 'Poli', 'TZ.AS.ME'),
(3019, '', 'Pongwe', 'TZ.TN.TA'),
(3020, '', 'Ivaeny', 'TZ.KL.SI'),
(3021, '', 'Kashisha', 'TZ.KL.SI'),
(3022, '', 'Potwe', 'TZ.TN.MU'),
(3023, '', 'Makiwaru', 'TZ.KL.SI'),
(3024, '', 'Nasai', 'TZ.KL.SI'),
(3025, '', 'Ndumeti', 'TZ.KL.SI'),
(3026, '', 'Puma', 'TZ.SD.ID'),
(3027, '', 'Puni', 'TZ.SY.SR'),
(3028, '', 'Pwaga', 'TZ.DO.MP'),
(3029, '', 'Kaloleli', 'TZ.TB.SI'),
(3030, '', 'Endiantu', 'TZ.MY.SI'),
(3031, '', 'Qurus', 'TZ.AS.KA'),
(3032, '', 'Rabour', 'TZ.MA.RO'),
(3033, '', 'Rahaleo', 'TZ.LI.LM'),
(3034, '', 'Rahaleo', 'TZ.MT.MU'),
(3035, '', 'Mererani', 'TZ.MY.SI'),
(3036, '', 'Railway', 'TZ.MT.MU'),
(3037, '', 'Ramadhani', 'TZ.NJ.NT'),
(3038, '', 'Rangwi', 'TZ.TN.LU'),
(3039, '', 'Rasbura', 'TZ.LI.LM'),
(3040, '', 'Rau', 'TZ.KL.MM'),
(3041, '', 'Rhotia', 'TZ.AS.KA'),
(3042, '', 'Rigicha', 'TZ.MA.SE'),
(3043, '', 'Ring''wani', 'TZ.MA.SE'),
(3044, '', 'Riroda', 'TZ.MY.BA'),
(3045, '', 'Roche', 'TZ.MA.RO'),
(3046, '', 'Ruaha', 'TZ.MO.KS'),
(3047, '', 'Ruaha', 'TZ.MO.KS'),
(3048, '', 'Ruaha', 'TZ.IG.IM'),
(3049, '', 'Ruaha Mbuyuni', 'TZ.IG.KI'),
(3050, '', 'Ruanda', 'TZ.RV.MB'),
(3051, '', 'Ruanda', 'TZ.MB.MR'),
(3052, '', 'Ruanda', 'TZ.MB.MR'),
(3053, '', 'Oljoro  No. 5', 'TZ.MY.SI'),
(3054, '', 'Ruaruke', 'TZ.PW.KD'),
(3055, '', 'Rubafu', 'TZ.KG.BD'),
(3056, '', 'Rubale', 'TZ.KG.BD'),
(3057, '', 'Rubeho', 'TZ.MO.GA'),
(3058, '', 'Rubuga', 'TZ.KM.KM'),
(3059, '', 'Rudewa', 'TZ.MO.KS'),
(3060, '', 'Rudi', 'TZ.DO.MP'),
(3061, '', 'Rugenge', 'TZ.KM.KK'),
(3062, '', 'Rugera', 'TZ.KG.KA'),
(3063, '', 'Rugongwe', 'TZ.KM.KI'),
(3064, '', 'Rugu', 'TZ.KG.KA'),
(3065, '', 'Ruhanga', 'TZ.KG.MU'),
(3066, '', 'Ruhembe', 'TZ.MO.KS'),
(3067, '', 'Ruhita', 'TZ.KM.KT'),
(3068, '', 'Ruhuhu', 'TZ.NJ.LU'),
(3069, '', 'Ruhunga', 'TZ.KG.BD'),
(3070, '', 'Ruhuwiko', 'TZ.RV.SU'),
(3071, '', 'Ruiwa', 'TZ.MB.MB'),
(3072, '', 'Rujewa', 'TZ.MB.MB'),
(3073, '', 'Rukoma', 'TZ.KG.BD'),
(3074, '', 'Rukuraijo', 'TZ.KG.KY'),
(3075, '', 'Orkesmet', 'TZ.MY.SI'),
(3076, '', 'Rulenge', 'TZ.KG.NG'),
(3077, '', 'Runazi', 'TZ.KG.BI'),
(3078, '', 'Rung''abure', 'TZ.MA.SE'),
(3079, '', 'Rungemba', 'TZ.IG.MU'),
(3080, '', 'Rungwa', 'TZ.SD.IT'),
(3081, '', 'Rungwe Mpya', 'TZ.KM.KA'),
(3082, '', 'Maghojoa', 'TZ.SD.SI'),
(3083, '', 'Runzewe Mashariki', 'TZ.GE.BU'),
(3084, '', 'Ruponda', 'TZ.LI.NA'),
(3085, '', 'Rusaba', 'TZ.KM.BU'),
(3086, '', 'Rusesa', 'TZ.KM.KA'),
(3087, '', 'Rusimbi', 'TZ.KM.KM'),
(3088, '', 'Rusumo', 'TZ.KG.NG'),
(3089, '', 'Rutamba', 'TZ.LI.LD'),
(3090, '', 'Kindai', 'TZ.SD.SU'),
(3091, '', 'Majengo', 'TZ.SD.SU'),
(3092, '', 'Ruvu', 'TZ.KL.SA'),
(3093, '', 'Ruvu', 'TZ.PW.KB'),
(3094, '', 'Ruvu Remiti', 'TZ.MY.SI'),
(3095, '', 'Ruvuma', 'TZ.RV.SU'),
(3096, '', 'Minga', 'TZ.SD.SU'),
(3097, '', 'Mitunduru', 'TZ.SD.SU'),
(3098, '', 'Rwabwere', 'TZ.KG.KY'),
(3099, '', 'Rwamishenye', 'TZ.KG.BM'),
(3100, '', 'Rwinga', 'TZ.RV.NA'),
(3101, '', 'Sabasaba', 'TZ.MO.MR'),
(3102, '', 'Sabasaba', 'TZ.MA.TT'),
(3103, '', 'Sabasabini', 'TZ.SY.US'),
(3104, '', 'Sadani', 'TZ.IG.MU'),
(3105, '', 'Sagara', 'TZ.DO.KG'),
(3106, '', 'Sagata', 'TZ.SI.IT'),
(3107, '', 'Saja', 'TZ.NJ.WA'),
(3108, '', 'Sakasaka', 'TZ.SI.ME'),
(3109, '', 'Sakwe', 'TZ.SI.BD'),
(3110, '', 'Salale', 'TZ.PW.KD'),
(3111, '', 'Salama', 'TZ.MA.BU'),
(3112, '', 'Salanka', 'TZ.DO.KD'),
(3113, '', 'Salawe', 'TZ.SY.SR'),
(3114, '', 'Sale', 'TZ.AS.NG'),
(3115, '', 'Sali', 'TZ.MO.UL'),
(3116, '', 'Sambasha', 'TZ.AS.AM'),
(3117, '', 'Same', 'TZ.KL.SA'),
(3118, '', 'Samunge', 'TZ.AS.NG'),
(3119, '', 'Samuye', 'TZ.SY.SR'),
(3120, '', 'Mungu maji', 'TZ.SD.SU'),
(3121, '', 'Sandulula', 'TZ.RU.SR'),
(3122, '', 'Sangabuye', 'TZ.MZ.IL'),
(3123, '', 'Sangambi', 'TZ.MB.CH'),
(3124, '', 'Umyambwa', 'TZ.SD.SU'),
(3125, '', 'Sanjaranda', 'TZ.SD.IT'),
(3126, '', 'Sanje', 'TZ.MO.KM'),
(3127, '', 'Santilya', 'TZ.MB.MU'),
(3128, '', 'Sanu Baray', 'TZ.MY.MT'),
(3129, '', 'Sanya Juu', 'TZ.KL.SI'),
(3130, '', 'Sanza', 'TZ.SD.MA'),
(3131, '', 'Sanzawa', 'TZ.DO.CB'),
(3132, '', 'Sao Hill', 'TZ.IG.MA'),
(3133, '', 'Sapiwi', 'TZ.SI.BD'),
(3134, '', 'Saranda', 'TZ.SD.MA'),
(3135, '', 'Mpandangino', 'TZ.RV.SR'),
(3136, '', 'Sasajila', 'TZ.SD.MA'),
(3137, '', 'Sasilo', 'TZ.SD.MA'),
(3138, '', 'Sasu', 'TZ.TB.KA'),
(3139, '', 'Saunyi', 'TZ.TN.KI'),
(3140, '', 'Sawida', 'TZ.SI.IT'),
(3141, '', 'Muhuruku', 'TZ.RV.SR'),
(3142, '', 'Sazira', 'TZ.MA.BT'),
(3143, '', 'Lizaboni', 'TZ.RV.SU'),
(3144, '', 'Sedeco', 'TZ.MA.SE'),
(3145, '', 'Seedfarm', 'TZ.RV.SU'),
(3146, '', 'Seela Sing''isi', 'TZ.AS.ME'),
(3147, '', 'Segala', 'TZ.DO.CW'),
(3148, '', 'Segera', 'TZ.TN.HA'),
(3149, '', 'Old Sumbawanga', 'TZ.RU.SU'),
(3150, '', 'Segese', 'TZ.SY.MS'),
(3151, '', 'Sejeli', 'TZ.DO.KG'),
(3152, '', 'Dinduma', 'TZ.MT.TA'),
(3153, '', 'Sekei', 'TZ.AS.AS'),
(3154, '', 'Seleli', 'TZ.TB.KA'),
(3155, '', 'Kwanyama', 'TZ.MT.TA'),
(3156, '', 'Selembala', 'TZ.MO.MU'),
(3157, '', 'Semembela', 'TZ.TB.NZ'),
(3158, '', 'Senani', 'TZ.SI.MA'),
(3159, '', 'Senga', 'TZ.RU.SU'),
(3160, '', 'Senga', 'TZ.GE.GD'),
(3161, '', 'Mahuta', 'TZ.MT.TA'),
(3162, '', 'Mdimba Mnyoma', 'TZ.MT.TA'),
(3163, '', 'Sepeko', 'TZ.AS.MO'),
(3164, '', 'Sepuka', 'TZ.SD.ID'),
(3165, '', 'Serya', 'TZ.DO.KD'),
(3166, '', 'Shabaka', 'TZ.GE.NY'),
(3167, '', 'Shagihilu', 'TZ.SY.KI'),
(3168, '', 'Mdumbwe', 'TZ.MT.TA'),
(3169, '', 'Shambarai', 'TZ.MY.SI'),
(3170, '', 'Shangani', 'TZ.MT.MU'),
(3171, '', 'Milongodi', 'TZ.MT.TA'),
(3172, '', 'Miuta', 'TZ.MT.TA'),
(3173, '', 'Msambweni', 'TZ.TN.TA'),
(3174, '', 'Shelui', 'TZ.SD.IR'),
(3175, '', 'Shigala', 'TZ.SI.BU'),
(3176, '', 'Shigamba', 'TZ.TB.NZ'),
(3177, '', 'Shighatini', 'TZ.KL.MW'),
(3178, '', 'Shilalo', 'TZ.MZ.MI'),
(3179, '', 'Shilela', 'TZ.SY.MS'),
(3180, '', 'Shilembo', 'TZ.MZ.KW'),
(3181, '', 'Shimbi', 'TZ.KL.RO'),
(3182, '', 'Shinyanga Mjini', 'TZ.SY.SU'),
(3183, '', 'Shirimatunda', 'TZ.KL.MM'),
(3184, '', 'Shishani', 'TZ.MZ.MA'),
(3185, '', 'Shishiyu', 'TZ.SI.MA'),
(3186, '', 'Shitage', 'TZ.TB.UY'),
(3187, '', 'Buza', 'TZ.DS.TE'),
(3188, '', 'Shume', 'TZ.TN.LU'),
(3189, '', 'Chamazi', 'TZ.DS.TE'),
(3190, '', 'Shungubweni', 'TZ.PW.MK'),
(3191, '', 'Shunguliba', 'TZ.KM.KA'),
(3192, '', 'Sibwesa', 'TZ.KA.MD'),
(3193, '', 'Sigaya', 'TZ.TN.MK'),
(3194, '', 'Chang''ombe', 'TZ.DS.TE'),
(3195, '', 'Charambe', 'TZ.DS.TE'),
(3196, '', 'Sigunga', 'TZ.KM.UV'),
(3197, '', 'Sikonge', 'TZ.TB.SI'),
(3198, '', 'Silambo', 'TZ.TB.KA'),
(3199, '', 'Sima', 'TZ.MZ.SE'),
(3200, '', 'Sima', 'TZ.SI.BA'),
(3201, '', 'Simbay', 'TZ.MY.HA'),
(3202, '', 'Simbo', 'TZ.TB.IG'),
(3203, '', 'Simbo', 'TZ.KM.UV'),
(3204, '', 'Sindano', 'TZ.MT.MA'),
(3205, '', 'Keko', 'TZ.DS.TE'),
(3206, '', 'Sindeni', 'TZ.TN.HA'),
(3207, '', 'Singe', 'TZ.MY.BT'),
(3208, '', 'Singisa', 'TZ.MO.MU'),
(3209, '', 'Sintali', 'TZ.RU.NK'),
(3210, '', 'Kibada', 'TZ.DS.TE'),
(3211, '', 'Sirari', 'TZ.MA.TA'),
(3212, '', 'Sirop', 'TZ.MY.HA'),
(3213, '', 'Sirorisimba', 'TZ.MA.BD'),
(3214, '', 'Sisikwasisi', 'TZ.RV.TU'),
(3215, '', 'Sisimba', 'TZ.MB.MR'),
(3216, '', 'Sitalike', 'TZ.KA.NS'),
(3217, '', 'Siuyu', 'TZ.SD.ID'),
(3218, '', 'Kiburugwa', 'TZ.DS.TE'),
(3219, '', 'Soera', 'TZ.DO.KD'),
(3220, '', 'Sofi', 'TZ.MO.MA'),
(3221, '', 'Soga', 'TZ.PW.KB'),
(3222, '', 'Kigamboni', 'TZ.DS.TE'),
(3223, '', 'Kijichi', 'TZ.DS.TE'),
(3224, '', 'Sokon II', 'TZ.AS.AM'),
(3225, '', 'Kilakala', 'TZ.DS.TE'),
(3226, '', 'Solwa', 'TZ.SY.SR'),
(3227, '', 'Solya', 'TZ.SD.MA'),
(3228, '', 'Somagedi', 'TZ.SY.KI'),
(3229, '', 'Somanda', 'TZ.SI.BA'),
(3230, '', 'Kimbiji', 'TZ.DS.TE'),
(3231, '', 'Sombetini', 'TZ.AS.AS'),
(3232, '', 'Songa', 'TZ.TN.MU'),
(3233, '', 'Songambele', 'TZ.DO.KG'),
(3234, '', 'Songambele', 'TZ.TB.UR'),
(3235, '', 'Songambele', 'TZ.KG.KY'),
(3236, '', 'Songambele', 'TZ.MY.KI'),
(3237, '', 'Songe', 'TZ.TN.KI'),
(3238, '', 'Songoro', 'TZ.DO.CB'),
(3239, '', 'Songoro', 'TZ.AS.ME'),
(3240, '', 'Songosongo', 'TZ.LI.KI'),
(3241, '', 'Songwa', 'TZ.SY.KI'),
(3242, '', 'Soni', 'TZ.TN.BU'),
(3243, '', 'Sopa', 'TZ.RU.KA'),
(3244, '', 'Soweto', 'TZ.KL.MM'),
(3245, '', 'Stendi Kuu', 'TZ.MA.SE'),
(3246, '', 'Stesheni', 'TZ.KL.SA'),
(3247, '', 'Stesheni', 'TZ.LI.NA'),
(3248, '', 'Subira', 'TZ.RV.SU'),
(3249, '', 'Sudi', 'TZ.LI.LD'),
(3250, '', 'Suguti', 'TZ.MA.MR'),
(3251, '', 'Suji', 'TZ.KL.SA'),
(3252, '', 'Sukuma', 'TZ.MZ.MA'),
(3253, '', 'Sukuma', 'TZ.SI.MA'),
(3254, '', 'Sultan Area', 'TZ.MO.MR'),
(3255, '', 'Sululu', 'TZ.MT.MT'),
(3256, '', 'Suma', 'TZ.MB.RU'),
(3257, '', 'Sumbugu', 'TZ.MZ.MI'),
(3258, '', 'Sumve', 'TZ.MZ.KW'),
(3259, '', 'Sunga', 'TZ.TN.LU'),
(3260, '', 'Sungaji', 'TZ.MO.MV'),
(3261, '', 'Sungwizi', 'TZ.TB.IG'),
(3262, '', 'Sunuka', 'TZ.KM.UV'),
(3263, '', 'Sunya', 'TZ.MY.KI'),
(3264, '', 'Suruke', 'TZ.DO.KD'),
(3265, '', 'Susuni', 'TZ.MA.TA'),
(3266, '', 'Swaya', 'TZ.MB.MU'),
(3267, '', 'Swaya', 'TZ.MB.MU'),
(3268, '', 'Tabaruka', 'TZ.MZ.SE'),
(3269, '', 'Kisarawe II', 'TZ.DS.TE'),
(3270, '', 'Tai', 'TZ.MA.RO'),
(3271, '', 'Talaga', 'TZ.SY.KI'),
(3272, '', 'Kurasini', 'TZ.DS.TE'),
(3273, '', 'Talawanda', 'TZ.PW.CH'),
(3274, '', 'Tambani', 'TZ.PW.MK'),
(3275, '', 'Makangarawe', 'TZ.DS.TE'),
(3276, '', 'Tambukareli', 'TZ.TB.TA'),
(3277, '', 'Tamota', 'TZ.TN.BU'),
(3278, '', 'Tandahimba', 'TZ.MT.TA'),
(3279, '', 'Tandala', 'TZ.NJ.MA'),
(3280, '', 'Mbagala', 'TZ.DS.TE'),
(3281, '', 'Tandangongoro', 'TZ.LI.LM'),
(3282, '', 'Mbagala Kuu', 'TZ.DS.TE'),
(3283, '', 'Tanga', 'TZ.RV.SU'),
(3284, '', 'Tanganyika', 'TZ.TN.MU'),
(3285, '', 'Tangasisi', 'TZ.TN.TA'),
(3286, '', 'Tangazo', 'TZ.MT.MR'),
(3287, '', 'Tarakea Motamburu', 'TZ.KL.RO'),
(3288, '', 'Mianzini', 'TZ.DS.TE'),
(3289, '', 'Tawa', 'TZ.MO.MU'),
(3290, '', 'Miburani', 'TZ.DS.TE'),
(3291, '', 'Tchenzema', 'TZ.MO.MV'),
(3292, '', 'Tegeruka', 'TZ.MA.MR'),
(3293, '', 'Tegetero', 'TZ.MO.MU'),
(3294, '', 'Tembela', 'TZ.MB.MU'),
(3295, '', 'Tembela', 'TZ.MB.MU'),
(3296, '', 'Mjimwema', 'TZ.DS.TE'),
(3297, '', 'Mtoni', 'TZ.DS.TE'),
(3298, '', 'Terrat', 'TZ.AS.AS'),
(3299, '', 'Terrat', 'TZ.MY.SI'),
(3300, '', 'Thawi', 'TZ.DO.KD'),
(3301, '', 'Themi', 'TZ.AS.AS'),
(3302, '', 'Tindabuligi', 'TZ.SI.ME'),
(3303, '', 'Tinde', 'TZ.SY.SR'),
(3304, '', 'Tindiga', 'TZ.MO.KS'),
(3305, '', 'Pemba Mnazi', 'TZ.DS.TE'),
(3306, '', 'Tingatinga', 'TZ.AS.LO'),
(3307, '', 'Sandali', 'TZ.DS.TE'),
(3308, '', 'Tingi', 'TZ.LI.KI'),
(3309, '', 'Tingi', 'TZ.RV.NY'),
(3310, '', 'Titye', 'TZ.KM.KA'),
(3311, '', 'Tlawi', 'TZ.MY.MT'),
(3312, '', 'Somangila', 'TZ.DS.TE'),
(3313, '', 'Toloha', 'TZ.KL.MW'),
(3314, '', 'Tandika', 'TZ.DS.TE'),
(3315, '', 'Temeke', 'TZ.DS.TE'),
(3316, '', 'Tongi', 'TZ.TB.NZ'),
(3317, '', 'Tongoni', 'TZ.TN.TA'),
(3318, '', 'Tongwe', 'TZ.TN.MU'),
(3319, '', 'Toangoma', 'TZ.DS.TE'),
(3320, '', 'Tulya', 'TZ.SD.IR'),
(3321, '', 'Tumati', 'TZ.MY.MB'),
(3322, '', 'Tungi', 'TZ.DS.TE'),
(3323, '', 'Vijibweni', 'TZ.DS.TE'),
(3324, '', 'Yombo Vituka', 'TZ.DS.TE'),
(3325, '', 'Tumbi', 'TZ.PW.KT'),
(3326, '', 'Tumbi', 'TZ.TB.TA'),
(3327, '', 'Tunduma', 'TZ.SG.TT'),
(3328, '', 'Mchangani', 'TZ.RV.TU'),
(3329, '', 'Tungamaa', 'TZ.TN.PA'),
(3330, '', 'Mlingoti  Magharibi', 'TZ.RV.TU'),
(3331, '', 'Tunguli', 'TZ.TN.KI'),
(3332, '', 'Mlingoti  Mashariki', 'TZ.RV.TU'),
(3333, '', 'Tununguo', 'TZ.MO.MU'),
(3334, '', 'Tura', 'TZ.TB.UY'),
(3335, '', 'Turwa', 'TZ.MA.TT'),
(3336, '', 'Tutuo', 'TZ.TB.SI'),
(3337, '', 'Nakayaya', 'TZ.RV.TU'),
(3338, '', 'Nalasi-Magharibi', 'TZ.RV.TU'),
(3339, '', 'Ubagwe', 'TZ.SY.US'),
(3340, '', 'Ubangaa', 'TZ.TN.PA'),
(3341, '', 'Ubaruku', 'TZ.MB.MB'),
(3342, '', 'Ubena', 'TZ.NJ.MT'),
(3343, '', 'Ubenazomozi', 'TZ.PW.CH'),
(3344, '', 'Ubetu Kahe', 'TZ.KL.RO'),
(3345, '', 'Ubiri', 'TZ.TN.LU'),
(3346, '', 'Nanjoka', 'TZ.RV.TU'),
(3347, '', 'Uchindile', 'TZ.MO.KM'),
(3348, '', 'Uchunga', 'TZ.SY.KI'),
(3349, '', 'Udekwa', 'TZ.IG.KI'),
(3350, '', 'Tuwemacho', 'TZ.RV.TU'),
(3351, '', 'Ufana', 'TZ.MY.BA'),
(3352, '', 'Ufukoni', 'TZ.MT.MU'),
(3353, '', 'Bukiro', 'TZ.MZ.UK'),
(3354, '', 'Ugala', 'TZ.KA.NS'),
(3355, '', 'Ugalla', 'TZ.TB.UR'),
(3356, '', 'Ughandi', 'TZ.SD.SI'),
(3357, '', 'Ugogoni', 'TZ.DO.KG'),
(3358, '', 'Ugunga', 'TZ.TB.KA'),
(3359, '', 'Uhamaka', 'TZ.SD.SU'),
(3360, '', 'Uhambingeto', 'TZ.IG.KI'),
(3361, '', 'Uhambule', 'TZ.NJ.WA'),
(3362, '', 'Uhuru', 'TZ.DO.DO'),
(3363, '', 'Uhuru', 'TZ.MY.MT'),
(3364, '', 'Ukata', 'TZ.RV.MB'),
(3365, '', 'Ukenyenge', 'TZ.SY.KI'),
(3366, '', 'Ukiriguru', 'TZ.MZ.MI'),
(3367, '', 'Ukondamoyo', 'TZ.TB.UR'),
(3368, '', 'Bukongo', 'TZ.MZ.UK'),
(3369, '', 'Igala', 'TZ.MZ.UK'),
(3370, '', 'Ukumbi', 'TZ.IG.KI'),
(3371, '', 'Kakerege', 'TZ.MZ.UK'),
(3372, '', 'Ukune', 'TZ.SY.US'),
(3373, '', 'Imalamakoye', 'TZ.TB.UR'),
(3374, '', 'Ukwama', 'TZ.NJ.MA'),
(3375, '', 'Ukwega', 'TZ.IG.KI'),
(3376, '', 'Ulanda', 'TZ.IG.ID'),
(3377, '', 'Ulaya', 'TZ.MO.KS'),
(3378, '', 'Kapilula', 'TZ.TB.UR'),
(3379, '', 'Ulembwe', 'TZ.NJ.WA'),
(3380, '', 'Ulemo', 'TZ.SD.IR'),
(3381, '', 'Ulenje', 'TZ.MB.MU'),
(3382, '', 'Ulewe', 'TZ.SY.US'),
(3383, '', 'Ulowa', 'TZ.SY.US'),
(3384, '', 'Ulumi', 'TZ.RU.KA'),
(3385, '', 'Utundu', 'TZ.TB.UR'),
(3386, '', 'Ibelamilundi', 'TZ.TB.UR'),
(3387, '', 'Ufuluma', 'TZ.TB.UR'),
(3388, '', 'Unga Ltd', 'TZ.AS.AS'),
(3389, '', 'Wanging''ombe', 'TZ.NJ.WA'),
(3390, '', 'Bopwe', 'TZ.PN.WE'),
(3391, '', 'Unyahati', 'TZ.SD.ID'),
(3392, '', 'Unyamikumbi', 'TZ.SD.SU'),
(3393, '', 'Chwale', 'TZ.PN.WE'),
(3394, '', 'Fundo', 'TZ.PN.WE'),
(3395, '', 'Gando', 'TZ.PN.WE'),
(3396, '', 'Upuge', 'TZ.TB.UY'),
(3397, '', 'Urambo', 'TZ.TB.UR'),
(3398, '', 'Jadida', 'TZ.PN.WE'),
(3399, '', 'Uru Kaskazini', 'TZ.KL.MD'),
(3400, '', 'Uru Kusini', 'TZ.KL.MD'),
(3401, '', 'Uru Mashariki', 'TZ.KL.MD'),
(3402, '', 'Uru Shimbwe', 'TZ.KL.MD'),
(3403, '', 'Urughu', 'TZ.SD.IR'),
(3404, '', 'Junguni', 'TZ.PN.WE'),
(3405, '', 'Kambini', 'TZ.PN.WE'),
(3406, '', 'Usagara', 'TZ.TN.TA'),
(3407, '', 'Usagara', 'TZ.MZ.MI'),
(3408, '', 'Usagari', 'TZ.TB.UY'),
(3409, '', 'Usambara', 'TZ.TN.BU'),
(3410, '', 'Usanda', 'TZ.SY.SR'),
(3411, '', 'Usangule', 'TZ.MO.MA'),
(3412, '', 'Kangagani', 'TZ.PN.WE'),
(3413, '', 'Usevya', 'TZ.KA.ML'),
(3414, '', 'Ushetu', 'TZ.SY.US'),
(3415, '', 'Ushiri Ikuini', 'TZ.KL.RO'),
(3416, '', 'Ushirika', 'TZ.GE.MB'),
(3417, '', 'Ushirombo', 'TZ.GE.BU'),
(3418, '', 'Ushokola', 'TZ.TB.KA'),
(3419, '', 'Usinge', 'TZ.TB.KA'),
(3420, '', 'Usisya', 'TZ.TB.UR'),
(3421, '', 'Ussoke', 'TZ.TB.UR'),
(3422, '', 'Usuka', 'TZ.NJ.WA'),
(3423, '', 'Usule', 'TZ.SY.SR'),
(3424, '', 'Usunga', 'TZ.TB.SI'),
(3425, '', 'Kinyikani', 'TZ.PN.WE'),
(3426, '', 'Utalingolo', 'TZ.NJ.NT'),
(3427, '', 'Utemini', 'TZ.SD.SU'),
(3428, '', 'Utende', 'TZ.KA.ML'),
(3429, '', 'Utengule', 'TZ.MO.KM'),
(3430, '', 'Utengule', 'TZ.NJ.MT'),
(3431, '', 'Utengule Usangu', 'TZ.MB.MB'),
(3432, '', 'Utengule Usongwe', 'TZ.MB.MU'),
(3433, '', 'Utete', 'TZ.PW.RU'),
(3434, '', 'Utiri', 'TZ.RV.MT'),
(3435, '', 'Kipangani', 'TZ.PN.WE'),
(3436, '', 'Utwigu', 'TZ.TB.NZ'),
(3437, '', 'Uvinza', 'TZ.KM.UV'),
(3438, '', 'Kisiwani', 'TZ.PN.WE'),
(3439, '', 'Kiungoni', 'TZ.PN.WE'),
(3440, '', 'Uwanja wa Taifa', 'TZ.MO.MR'),
(3441, '', 'Uwemba', 'TZ.NJ.NT'),
(3442, '', 'Uyogo', 'TZ.TB.UR'),
(3443, '', 'Uyogo', 'TZ.SY.US'),
(3444, '', 'Uyole', 'TZ.MB.MR'),
(3445, '', 'Uyovu', 'TZ.GE.BU'),
(3446, '', 'Uyowa', 'TZ.TB.KA'),
(3447, '', 'Uyui', 'TZ.TB.TA'),
(3448, '', 'Uyumbu', 'TZ.TB.UR'),
(3449, '', 'Kiuyu Kigongoni', 'TZ.PN.WE'),
(3450, '', 'Kiuyu Minungwini', 'TZ.PN.WE'),
(3451, '', 'Vianzi', 'TZ.PW.MK'),
(3452, '', 'Vibaoni', 'TZ.TN.HT'),
(3453, '', 'Vidunda', 'TZ.MO.KS'),
(3454, '', 'Vigaeni', 'TZ.MT.MU'),
(3455, '', 'Vigoi', 'TZ.MO.UL'),
(3456, '', 'Vigwaza', 'TZ.PW.CH'),
(3457, '', 'Vihingo', 'TZ.PW.KS'),
(3458, '', 'Kizimbani', 'TZ.PN.WE'),
(3459, '', 'Vikindu', 'TZ.PW.MK'),
(3460, '', 'Kojani', 'TZ.PN.WE'),
(3461, '', 'Vikumbulu', 'TZ.PW.KS'),
(3462, '', 'Limbani', 'TZ.PN.WE'),
(3463, '', 'Maziwani', 'TZ.PN.WE'),
(3464, '', 'Visiga', 'TZ.PW.KT'),
(3465, '', 'Mchanga Mdogo', 'TZ.PN.WE'),
(3466, '', 'Viwandani', 'TZ.DO.DO'),
(3467, '', 'Vudee', 'TZ.KL.SA'),
(3468, '', 'Vuga', 'TZ.TN.BU'),
(3469, '', 'Vugiri', 'TZ.TN.KO'),
(3470, '', 'Vuje', 'TZ.KL.SA'),
(3471, '', 'Vumari', 'TZ.KL.SA'),
(3472, '', 'Vumilia', 'TZ.TB.UR'),
(3473, '', 'Vunta', 'TZ.KL.SA'),
(3474, '', 'Mjini Ole', 'TZ.PN.WE'),
(3475, '', 'Mpambani', 'TZ.PN.WE'),
(3476, '', 'Walla', 'TZ.MZ.KW'),
(3477, '', 'Wampembe', 'TZ.RU.NK'),
(3478, '', 'Wangama', 'TZ.NJ.WA'),
(3479, '', 'Mtambwe Kaskazini', 'TZ.PN.WE'),
(3480, '', 'Wariku', 'TZ.MA.BT'),
(3481, '', 'Wasa', 'TZ.IG.ID'),
(3482, '', 'Mtambwe Kusini', 'TZ.PN.WE'),
(3483, '', 'Mzambarauni Takao', 'TZ.PN.WE'),
(3484, '', 'Wela', 'TZ.TB.NZ'),
(3485, '', 'Ole', 'TZ.PN.WE'),
(3486, '', 'Pandani', 'TZ.PN.WE'),
(3487, '', 'Pembeni', 'TZ.PN.WE'),
(3488, '', 'Piki', 'TZ.PN.WE'),
(3489, '', 'Selem', 'TZ.PN.WE'),
(3490, '', 'Wino', 'TZ.RV.SR'),
(3491, '', 'Wotta', 'TZ.DO.MP'),
(3492, '', 'Yaeda Ampa', 'TZ.MY.MB'),
(3493, '', 'Yaeda Chini', 'TZ.MY.MB'),
(3494, '', 'Yakobi', 'TZ.NJ.NT'),
(3495, '', 'Yombo', 'TZ.PW.BA'),
(3496, '', 'Shengejuu', 'TZ.PN.WE'),
(3497, '', 'Zagayu', 'TZ.SI.IT'),
(3498, '', 'Zajilwa', 'TZ.DO.CW'),
(3499, '', 'Zanka', 'TZ.DO.BA'),
(3500, '', 'Zanzui', 'TZ.SI.MA'),
(3501, '', 'Ziba', 'TZ.TB.IG'),
(3502, '', 'Zinga', 'TZ.PW.BA'),
(3503, '', 'Ukunjwi', 'TZ.PN.WE'),
(3504, '', 'Zirai', 'TZ.TN.MU'),
(3505, '', 'Ziwani', 'TZ.MT.MR'),
(3506, '', 'Utaani', 'TZ.PN.WE'),
(3507, '', 'Zoissa', 'TZ.DO.KG'),
(3508, '', 'Zombo', 'TZ.MO.KS'),
(3509, '', 'Zongomera', 'TZ.SY.KA'),
(3510, '', 'Zugimlole', 'TZ.TB.KA'),
(3511, '', 'Zuzu', 'TZ.DO.DO');

--
-- Indexes for dumped tables
--

--
-- Indexes for table `activities`
--
ALTER TABLE `activities`
  ADD PRIMARY KEY (`activity_Id`), ADD KEY `activities_pk` (`activity_Id`), ADD KEY `activityclassifications_activities_fk` (`classificationCode`), ADD KEY `activitysubclassification_activities_fk` (`subclassification_id`), ADD KEY `activitythemes_activities_fk` (`activityThemes_id`), ADD KEY `fundingcurrencies_activities_fk` (`currencyCode`);

--
-- Indexes for table `activityclassifications`
--
ALTER TABLE `activityclassifications`
  ADD PRIMARY KEY (`classificationCode`), ADD KEY `classification_Id` (`classification_id`), ADD KEY `activityclassifications_pk` (`classificationCode`);

--
-- Indexes for table `activitycoverage`
--
ALTER TABLE `activitycoverage`
  ADD PRIMARY KEY (`activityCoverage_id`,`activity_Id`,`village_id`,`ward_id`,`regHasc`,`distHasc`), ADD KEY `activitycoverage_pk` (`activityCoverage_id`,`activity_Id`,`village_id`,`ward_id`,`regHasc`,`distHasc`), ADD KEY `activities_activitycoverage_fk` (`activity_Id`), ADD KEY `districts_activitycoverage_fk` (`distHasc`), ADD KEY `regions_activitycoverage_fk` (`regHasc`), ADD KEY `wards_activitycoverage_fk` (`ward_id`), ADD KEY `villages_activitycoverage_fk` (`village_id`);

--
-- Indexes for table `activityorganisations`
--
ALTER TABLE `activityorganisations`
  ADD PRIMARY KEY (`activityOrganisation_id`), ADD KEY `activityorganisations_pk` (`activityOrganisation_id`), ADD KEY `organisations_activitypartnerorganisations_fk` (`organisation_id`), ADD KEY `organisations_activity_fk` (`activity_id`);

--
-- Indexes for table `activitysubclassifications`
--
ALTER TABLE `activitysubclassifications`
  ADD PRIMARY KEY (`subclassification_id`), ADD KEY `activitysubclassification_pk` (`subclassification_id`), ADD KEY `activityclassifications_activitysubclassification_fk` (`classificationCode`);

--
-- Indexes for table `activitythemes`
--
ALTER TABLE `activitythemes`
  ADD PRIMARY KEY (`activityThemes_id`), ADD KEY `activitythemes_pk` (`activityThemes_id`);

--
-- Indexes for table `districts`
--
ALTER TABLE `districts`
  ADD PRIMARY KEY (`distHasc`), ADD UNIQUE KEY `distHasc` (`distHasc`), ADD UNIQUE KEY `name` (`name`), ADD KEY `district_id` (`district_id`), ADD KEY `districts_pk` (`distHasc`), ADD KEY `regions_districts_fk` (`regHasc`);

--
-- Indexes for table `fundingcurrencies`
--
ALTER TABLE `fundingcurrencies`
  ADD PRIMARY KEY (`currencyCode`), ADD KEY `fundingCurrency_id` (`fundingCurrency_id`), ADD KEY `fundingcurrencies_pk` (`currencyCode`);

--
-- Indexes for table `organisations`
--
ALTER TABLE `organisations`
  ADD PRIMARY KEY (`organisation_id`), ADD KEY `organisations_pk` (`organisation_id`), ADD KEY `organisationtypes_organisations_fk` (`type_id`);

--
-- Indexes for table `organisationtypes`
--
ALTER TABLE `organisationtypes`
  ADD PRIMARY KEY (`type_id`), ADD KEY `organisationtypes_pk` (`type_id`);

--
-- Indexes for table `regions`
--
ALTER TABLE `regions`
  ADD PRIMARY KEY (`regHasc`), ADD UNIQUE KEY `regHasc` (`regHasc`), ADD UNIQUE KEY `name` (`name`), ADD KEY `region_id` (`region_id`), ADD KEY `regions_pk` (`regHasc`);

--
-- Indexes for table `villages`
--
ALTER TABLE `villages`
  ADD PRIMARY KEY (`village_id`), ADD KEY `villages_pk` (`village_id`), ADD KEY `wards_villages_fk` (`ward_id`);

--
-- Indexes for table `wards`
--
ALTER TABLE `wards`
  ADD PRIMARY KEY (`ward_id`), ADD KEY `wards_pk` (`ward_id`), ADD KEY `districts_wards_fk` (`distHasc`);

--
-- AUTO_INCREMENT for dumped tables
--

--
-- AUTO_INCREMENT for table `activities`
--
ALTER TABLE `activities`
  MODIFY `activity_Id` smallint(5) unsigned NOT NULL AUTO_INCREMENT,AUTO_INCREMENT=26;
--
-- AUTO_INCREMENT for table `activityclassifications`
--
ALTER TABLE `activityclassifications`
  MODIFY `classification_id` smallint(5) unsigned NOT NULL AUTO_INCREMENT,AUTO_INCREMENT=9;
--
-- AUTO_INCREMENT for table `activitycoverage`
--
ALTER TABLE `activitycoverage`
  MODIFY `activityCoverage_id` smallint(5) unsigned NOT NULL AUTO_INCREMENT,AUTO_INCREMENT=347;
--
-- AUTO_INCREMENT for table `activityorganisations`
--
ALTER TABLE `activityorganisations`
  MODIFY `activityOrganisation_id` smallint(5) unsigned NOT NULL AUTO_INCREMENT,AUTO_INCREMENT=51;
--
-- AUTO_INCREMENT for table `activitysubclassifications`
--
ALTER TABLE `activitysubclassifications`
  MODIFY `subclassification_id` smallint(5) unsigned NOT NULL AUTO_INCREMENT,AUTO_INCREMENT=49;
--
-- AUTO_INCREMENT for table `activitythemes`
--
ALTER TABLE `activitythemes`
  MODIFY `activityThemes_id` smallint(5) unsigned NOT NULL AUTO_INCREMENT,AUTO_INCREMENT=4;
--
-- AUTO_INCREMENT for table `districts`
--
ALTER TABLE `districts`
  MODIFY `district_id` smallint(5) unsigned NOT NULL AUTO_INCREMENT,AUTO_INCREMENT=196;
--
-- AUTO_INCREMENT for table `fundingcurrencies`
--
ALTER TABLE `fundingcurrencies`
  MODIFY `fundingCurrency_id` smallint(5) unsigned NOT NULL AUTO_INCREMENT,AUTO_INCREMENT=170;
--
-- AUTO_INCREMENT for table `organisations`
--
ALTER TABLE `organisations`
  MODIFY `organisation_id` smallint(5) unsigned NOT NULL AUTO_INCREMENT,AUTO_INCREMENT=61;
--
-- AUTO_INCREMENT for table `organisationtypes`
--
ALTER TABLE `organisationtypes`
  MODIFY `type_id` smallint(5) unsigned NOT NULL AUTO_INCREMENT,AUTO_INCREMENT=11;
--
-- AUTO_INCREMENT for table `regions`
--
ALTER TABLE `regions`
  MODIFY `region_id` smallint(5) unsigned NOT NULL AUTO_INCREMENT,AUTO_INCREMENT=33;
--
-- AUTO_INCREMENT for table `wards`
--
ALTER TABLE `wards`
  MODIFY `ward_id` smallint(5) unsigned NOT NULL AUTO_INCREMENT,AUTO_INCREMENT=3512;
--
-- Constraints for dumped tables
--

--
-- Constraints for table `activities`
--
ALTER TABLE `activities`
ADD CONSTRAINT `activityclassifications_activities_fk` FOREIGN KEY (`classificationCode`) REFERENCES `activityclassifications` (`classificationCode`) ON DELETE NO ACTION ON UPDATE NO ACTION,
ADD CONSTRAINT `activitysubclassification_activities_fk` FOREIGN KEY (`subclassification_id`) REFERENCES `activitysubclassifications` (`subclassification_id`) ON DELETE NO ACTION ON UPDATE NO ACTION;

--
-- Constraints for table `activitycoverage`
--
ALTER TABLE `activitycoverage`
ADD CONSTRAINT `activities_activitycoverage_fk` FOREIGN KEY (`activity_Id`) REFERENCES `activities` (`activity_Id`) ON DELETE CASCADE ON UPDATE CASCADE;

--
-- Constraints for table `activityorganisations`
--
ALTER TABLE `activityorganisations`
ADD CONSTRAINT `organisations_activity_fk` FOREIGN KEY (`activity_id`) REFERENCES `activities` (`activity_Id`) ON DELETE CASCADE ON UPDATE CASCADE,
ADD CONSTRAINT `organisations_activitypartnerorganisations_fk` FOREIGN KEY (`organisation_id`) REFERENCES `organisations` (`organisation_id`) ON DELETE NO ACTION ON UPDATE NO ACTION;

--
-- Constraints for table `activitysubclassifications`
--
ALTER TABLE `activitysubclassifications`
ADD CONSTRAINT `activityclassifications_activitysubclassification_fk` FOREIGN KEY (`classificationCode`) REFERENCES `activityclassifications` (`classificationCode`) ON DELETE NO ACTION ON UPDATE NO ACTION;

--
-- Constraints for table `districts`
--
ALTER TABLE `districts`
ADD CONSTRAINT `regions_districts_fk` FOREIGN KEY (`regHasc`) REFERENCES `regions` (`regHasc`) ON DELETE NO ACTION ON UPDATE NO ACTION;

--
-- Constraints for table `organisations`
--
ALTER TABLE `organisations`
ADD CONSTRAINT `organisationtypes_organisations_fk` FOREIGN KEY (`type_id`) REFERENCES `organisationtypes` (`type_id`) ON DELETE NO ACTION ON UPDATE NO ACTION;

--
-- Constraints for table `villages`
--
ALTER TABLE `villages`
ADD CONSTRAINT `wards_villages_fk` FOREIGN KEY (`ward_id`) REFERENCES `wards` (`ward_id`) ON DELETE NO ACTION ON UPDATE NO ACTION;

--
-- Constraints for table `wards`
--
ALTER TABLE `wards`
ADD CONSTRAINT `districts_wards_fk` FOREIGN KEY (`distHasc`) REFERENCES `districts` (`distHasc`) ON DELETE NO ACTION ON UPDATE NO ACTION;

/*!40101 SET CHARACTER_SET_CLIENT=@OLD_CHARACTER_SET_CLIENT */;
/*!40101 SET CHARACTER_SET_RESULTS=@OLD_CHARACTER_SET_RESULTS */;
/*!40101 SET COLLATION_CONNECTION=@OLD_COLLATION_CONNECTION */;
